chr1	.	miRNA_primary_transcript	40757284	40757372	.	+	.	ID=MI0000736;Alias=MI0000736;Name=hsa-mir-30c-1	chr1	40757313	.	C	G	43.0224	PASS	DP=10;VDB=5.52906e-06;SGB=-0.662043;RPBZ=3;MQBZ=0;BQBZ=-0.784465;SCBZ=0;MQ0F=0;AC=2;AN=2;DP4=1,0,9,0;MQ=20	GT:PL	1/1:70,10,0
chr1	.	miRNA_primary_transcript	40757284	40757372	.	+	.	ID=MI0000736;Alias=MI0000736;Name=hsa-mir-30c-1	chr1	40757313	.	C	G	43.0224	PASS	DP=10;VDB=5.52906e-06;SGB=-0.662043;RPBZ=3;MQBZ=0;BQBZ=-0.784465;SCBZ=0;MQ0F=0;AC=2;AN=2;DP4=1,0,9,0;MQ=20	GT:PL	1/1:70,10,0
chr1	.	miRNA	40757300	40757322	.	+	.	ID=MIMAT0000244;Alias=MIMAT0000244;Name=hsa-miR-30c-5p;Derives_from=MI0000736	chr1	40757313	.	C	G	43.0224	PASS	DP=10;VDB=5.52906e-06;SGB=-0.662043;RPBZ=3;MQBZ=0;BQBZ=-0.784465;SCBZ=0;MQ0F=0;AC=2;AN=2;DP4=1,0,9,0;MQ=20	GT:PL	1/1:70,10,0
chr1	.	miRNA	40757300	40757322	.	+	.	ID=MIMAT0000244;Alias=MIMAT0000244;Name=hsa-miR-30c-5p;Derives_from=MI0000736	chr1	40757313	.	C	G	43.0224	PASS	DP=10;VDB=5.52906e-06;SGB=-0.662043;RPBZ=3;MQBZ=0;BQBZ=-0.784465;SCBZ=0;MQ0F=0;AC=2;AN=2;DP4=1,0,9,0;MQ=20	GT:PL	1/1:70,10,0
chr11	.	miRNA_primary_transcript	64891355	64891439	.	-	.	ID=MI0000732;Alias=MI0000732;Name=hsa-mir-194-2	chr11	64891427	.	G	A	31.6198	PASS	DP=17;VDB=2.26006e-08;SGB=-0.680642;RPBZ=0;MQBZ=0;BQBZ=0;SCBZ=0;MQ0F=0;AC=1;AN=2;DP4=0,5,0,12;MQ=20	GT:PL	0/1:65,0,29
chr6	.	miRNA_primary_transcript	71376960	71377031	.	-	.	ID=MI0000254;Alias=MI0000254;Name=hsa-mir-30c-2	chr6	71377012	.	G	C	43.0224	PASS	DP=10;VDB=5.52906e-06;SGB=-0.662043;RPBZ=-3;MQBZ=0;BQBZ=-0.784465;SCBZ=0;MQ0F=0;AC=2;AN=2;DP4=0,1,0,9;MQ=20	GT:PL	1/1:70,10,0
chr6	.	miRNA_primary_transcript	71376960	71377031	.	-	.	ID=MI0000254;Alias=MI0000254;Name=hsa-mir-30c-2	chr6	71377012	.	G	C	43.0224	PASS	DP=10;VDB=5.52906e-06;SGB=-0.662043;RPBZ=-3;MQBZ=0;BQBZ=-0.784465;SCBZ=0;MQ0F=0;AC=2;AN=2;DP4=0,1,0,9;MQ=20	GT:PL	1/1:70,10,0
chr6	.	miRNA	71377003	71377025	.	-	.	ID=MIMAT0000244_1;Alias=MIMAT0000244;Name=hsa-miR-30c-5p;Derives_from=MI0000254	chr6	71377012	.	G	C	43.0224	PASS	DP=10;VDB=5.52906e-06;SGB=-0.662043;RPBZ=-3;MQBZ=0;BQBZ=-0.784465;SCBZ=0;MQ0F=0;AC=2;AN=2;DP4=0,1,0,9;MQ=20	GT:PL	1/1:70,10,0
chr6	.	miRNA	71377003	71377025	.	-	.	ID=MIMAT0000244_1;Alias=MIMAT0000244;Name=hsa-miR-30c-5p;Derives_from=MI0000254	chr6	71377012	.	G	C	43.0224	PASS	DP=10;VDB=5.52906e-06;SGB=-0.662043;RPBZ=-3;MQBZ=0;BQBZ=-0.784465;SCBZ=0;MQ0F=0;AC=2;AN=2;DP4=0,1,0,9;MQ=20	GT:PL	1/1:70,10,0
chr8	.	miRNA_primary_transcript	134800520	134800607	.	-	.	ID=MI0000441;Alias=MI0000441;Name=hsa-mir-30b	chr8	134800578	.	G	C	20.3842	PASS	DP=20;VDB=5.52906e-06;SGB=-0.662043;RPBZ=-4.3589;MQBZ=0;BQBZ=-2.39087;SCBZ=0;MQ0F=0;AC=1;AN=2;DP4=0,11,0,9;MQ=20	GT:PL	0/1:53,0,62
chr8	.	miRNA_primary_transcript	134800520	134800607	.	-	.	ID=MI0000441;Alias=MI0000441;Name=hsa-mir-30b	chr8	134800578	.	G	C	20.3842	PASS	DP=20;VDB=5.52906e-06;SGB=-0.662043;RPBZ=-4.3589;MQBZ=0;BQBZ=-2.39087;SCBZ=0;MQ0F=0;AC=1;AN=2;DP4=0,11,0,9;MQ=20	GT:PL	0/1:53,0,62
chr8	.	miRNA	134800570	134800591	.	-	.	ID=MIMAT0000420;Alias=MIMAT0000420;Name=hsa-miR-30b-5p;Derives_from=MI0000441	chr8	134800578	.	G	C	20.3842	PASS	DP=20;VDB=5.52906e-06;SGB=-0.662043;RPBZ=-4.3589;MQBZ=0;BQBZ=-2.39087;SCBZ=0;MQ0F=0;AC=1;AN=2;DP4=0,11,0,9;MQ=20	GT:PL	0/1:53,0,62
chr8	.	miRNA	134800570	134800591	.	-	.	ID=MIMAT0000420;Alias=MIMAT0000420;Name=hsa-miR-30b-5p;Derives_from=MI0000441	chr8	134800578	.	G	C	20.3842	PASS	DP=20;VDB=5.52906e-06;SGB=-0.662043;RPBZ=-4.3589;MQBZ=0;BQBZ=-2.39087;SCBZ=0;MQ0F=0;AC=1;AN=2;DP4=0,11,0,9;MQ=20	GT:PL	0/1:53,0,62
