chr1	.	miRNA_primary_transcript	632615	632685	.	-	.	ID=MI0039740;Alias=MI0039740;Name=hsa-mir-12136	chr1	632657	.	G	A,T	40.5975	PASS	DP=49;VDB=2.10998e-14;SGB=-0.693147;RPBZ=-1.2819;MQBZ=0;BQBZ=-0.277434;SCBZ=0;MQ0F=0;AC=1,1;AN=2;DP4=0,3,0,46;MQ=20	GT:PL	1/2:100,81,50,74,0,54
chr1	.	miRNA_primary_transcript	40754355	40754446	.	+	.	ID=MI0000749;Alias=MI0000749;Name=hsa-mir-30e	chr1	40754395	.	G	T	115.271	PASS	DP=1867;VDB=0;SGB=-0.693147;RPBZ=14.1161;MQBZ=0;BQBZ=1.23021;SCBZ=0;MQ0F=0;AC=2;AN=2;DP4=70,0,1797,0;MQ=20	GT:PL	1/1:142,255,0
chr1	.	miRNA_primary_transcript	40754355	40754446	.	+	.	ID=MI0000749;Alias=MI0000749;Name=hsa-mir-30e	chr1	40754397	.	A	T	32.5836	PASS	DP=11;VDB=5.52906e-06;SGB=-0.662043;RPBZ=0;MQBZ=0;BQBZ=1.52579;SCBZ=0;MQ0F=0;AC=1;AN=2;DP4=2,0,9,0;MQ=20	GT:PL	0/1:63,0,5
chr1	.	miRNA_primary_transcript	40757284	40757372	.	+	.	ID=MI0000736;Alias=MI0000736;Name=hsa-mir-30c-1	chr1	40757324	.	G	T	102.16	PASS	DP=555;VDB=0;SGB=-0.693147;RPBZ=18.7626;MQBZ=0;BQBZ=-0.838236;SCBZ=0;MQ0F=0;AC=2;AN=2;DP4=34,0,521,0;MQ=20	GT:PL	1/1:129,255,0
chr1	.	miRNA_primary_transcript	65058434	65058508	.	-	.	ID=MI0000103;Alias=MI0000103;Name=hsa-mir-101-1	chr1	65058440	.	C	A	75.3639	PASS	DP=133;VDB=0;SGB=-0.693147;RPBZ=0.249956;MQBZ=0;BQBZ=2.30559;SCBZ=0;MQ0F=0;AC=2;AN=2;DP4=0,2,0,131;MQ=20	GT:PL	1/1:102,255,0
chr1	.	miRNA_primary_transcript	71067631	71067716	.	-	.	ID=MI0000483;Alias=MI0000483;Name=hsa-mir-186	chr1	71067678	.	G	A	130.403	PASS	DP=422;VDB=0;SGB=-0.693147;RPBZ=0.999217;MQBZ=0;BQBZ=2.33635;SCBZ=0;MQ0F=0;AC=2;AN=2;DP4=0,3,0,419;MQ=20	GT:PL	1/1:157,255,0
chr1	.	miRNA_primary_transcript	93846832	93846911	.	+	.	ID=MI0005567;Alias=MI0005567;Name=hsa-mir-760	chr1	93846901	.	C	T	30.3806	PASS	DP=17;VDB=2.26006e-08;SGB=-0.686358;RPBZ=3.15524;MQBZ=0;MQSBZ=0;BQBZ=2.96081;SCBZ=0;MQ0F=0;AC=1;AN=2;DP4=1,2,14,0;MQ=20	GT:PL	0/1:62,0,7
chr1	.	miRNA_primary_transcript	109598893	109598967	.	+	.	ID=MI0000239;Alias=MI0000239;Name=hsa-mir-197	chr1	109598962	.	A	T	24.3925	PASS	DP=35;VDB=1.29641e-11;SGB=-0.689466;RPBZ=3.35327;MQBZ=0;BQBZ=1.60949;SCBZ=0;MQ0F=0;AC=1;AN=2;DP4=19,0,16,0;MQ=20	GT:PL	0/1:57,0,61
chr1	.	miRNA_primary_transcript	117094643	117094728	.	+	.	ID=MI0005767;Alias=MI0005767;Name=hsa-mir-942	chr1	117094677	.	T	A	15.5055	PASS	DP=87;VDB=1.4013e-45;SGB=-0.693147;RPBZ=5.18205;MQBZ=0;BQBZ=-2.10182;SCBZ=0;MQ0F=0;AC=1;AN=2;DP4=36,0,51,0;MQ=20	GT:PL	0/1:48,0,44
chr1	.	miRNA_primary_transcript	117094643	117094728	.	+	.	ID=MI0005767;Alias=MI0005767;Name=hsa-mir-942	chr1	117094679	.	T	A	29.067	PASS	DP=16;VDB=2.26006e-08;SGB=-0.683931;RPBZ=2.08167;MQBZ=0;BQBZ=-1.24323;SCBZ=0;MQ0F=0;AC=1;AN=2;DP4=3,0,13,0;MQ=20	GT:PL	0/1:61,0,8
chr1	.	miRNA_primary_transcript	117094643	117094728	.	+	.	ID=MI0005767;Alias=MI0005767;Name=hsa-mir-942	chr1	117094704	.	G	A	39.0433	PASS	DP=14;VDB=2.26006e-08;SGB=-0.680642;RPBZ=3.59487;MQBZ=0;MQSBZ=0;BQBZ=1.94722;SCBZ=0;MQ0F=0;AC=2;AN=2;DP4=2,0,0,12;MQ=20	GT:PL	1/1:66,4,0
chr1	.	miRNA_primary_transcript	117094643	117094728	.	+	.	ID=MI0005767;Alias=MI0005767;Name=hsa-mir-942	chr1	117094704	.	G	A	39.0433	PASS	DP=14;VDB=2.26006e-08;SGB=-0.680642;RPBZ=3.59487;MQBZ=0;MQSBZ=0;BQBZ=1.94722;SCBZ=0;MQ0F=0;AC=2;AN=2;DP4=2,0,0,12;MQ=20	GT:PL	1/1:66,4,0
chr1	.	miRNA	117094695	117094716	.	+	.	ID=MIMAT0026734;Alias=MIMAT0026734;Name=hsa-miR-942-3p;Derives_from=MI0005767	chr1	117094704	.	G	A	39.0433	PASS	DP=14;VDB=2.26006e-08;SGB=-0.680642;RPBZ=3.59487;MQBZ=0;MQSBZ=0;BQBZ=1.94722;SCBZ=0;MQ0F=0;AC=2;AN=2;DP4=2,0,0,12;MQ=20	GT:PL	1/1:66,4,0
chr1	.	miRNA	117094695	117094716	.	+	.	ID=MIMAT0026734;Alias=MIMAT0026734;Name=hsa-miR-942-3p;Derives_from=MI0005767	chr1	117094704	.	G	A	39.0433	PASS	DP=14;VDB=2.26006e-08;SGB=-0.680642;RPBZ=3.59487;MQBZ=0;MQSBZ=0;BQBZ=1.94722;SCBZ=0;MQ0F=0;AC=2;AN=2;DP4=2,0,0,12;MQ=20	GT:PL	1/1:66,4,0
chr1	.	miRNA_primary_transcript	155195177	155195272	.	+	.	ID=MI0003560;Alias=MI0003560;Name=hsa-mir-92b	chr1	155195259	.	G	A	44.9366	PASS	DP=182;VDB=0;SGB=-0.693147;RPBZ=-0.11688;MQBZ=0;BQBZ=-1.18523;SCBZ=0;MQ0F=0;AC=2;AN=2;DP4=2,0,180,0;MQ=20	GT:PL	1/1:99,255,29
chr1	.	miRNA_primary_transcript	172138798	172138907	.	-	.	ID=MI0000290;Alias=MI0000290;Name=hsa-mir-214	chr1	172138879	.	G	T	22.4291	PASS	DP=26;VDB=8.40082e-08;SGB=-0.686358;RPBZ=0.823702;MQBZ=0;BQBZ=3.22444;SCBZ=0;MQ0F=0;AC=1;AN=2;DP4=12,0,14,0;MQ=20	GT:PL	0/1:55,0,58
chr1	.	miRNA_primary_transcript	172138798	172138907	.	-	.	ID=MI0000290;Alias=MI0000290;Name=hsa-mir-214	chr1	172138879	.	G	T	22.4291	PASS	DP=26;VDB=8.40082e-08;SGB=-0.686358;RPBZ=0.823702;MQBZ=0;BQBZ=3.22444;SCBZ=0;MQ0F=0;AC=1;AN=2;DP4=12,0,14,0;MQ=20	GT:PL	0/1:55,0,58
chr1	.	miRNA_primary_transcript	172138808	172138888	.	+	.	ID=MI0014136;Alias=MI0014136;Name=hsa-mir-3120	chr1	172138879	.	G	T	22.4291	PASS	DP=26;VDB=8.40082e-08;SGB=-0.686358;RPBZ=0.823702;MQBZ=0;BQBZ=3.22444;SCBZ=0;MQ0F=0;AC=1;AN=2;DP4=12,0,14,0;MQ=20	GT:PL	0/1:55,0,58
chr1	.	miRNA_primary_transcript	172138808	172138888	.	+	.	ID=MI0014136;Alias=MI0014136;Name=hsa-mir-3120	chr1	172138879	.	G	T	22.4291	PASS	DP=26;VDB=8.40082e-08;SGB=-0.686358;RPBZ=0.823702;MQBZ=0;BQBZ=3.22444;SCBZ=0;MQ0F=0;AC=1;AN=2;DP4=12,0,14,0;MQ=20	GT:PL	0/1:55,0,58
chr1	.	miRNA_primary_transcript	172144535	172144644	.	-	.	ID=MI0000281;Alias=MI0000281;Name=hsa-mir-199a-2	chr1	172144553	.	C	A,T	65.8406	PASS	DP=1455;VDB=0;SGB=-0.693147;RPBZ=-5.27491;MQBZ=0;BQBZ=-0.853511;SCBZ=0;MQ0F=0;AC=1,1;AN=2;DP4=0,16,0,1439;MQ=20	GT:PL	1/2:125,255,51,255,0,61
chr1	.	miRNA_primary_transcript	172144535	172144644	.	-	.	ID=MI0000281;Alias=MI0000281;Name=hsa-mir-199a-2	chr1	172144591	.	T	A	73.8337	PASS	DP=817;VDB=0;SGB=-0.693147;RPBZ=0.566936;MQBZ=0;BQBZ=0.125461;SCBZ=0;MQ0F=0;AC=2;AN=2;DP4=0,113,0,704;MQ=20	GT:PL	1/1:101,251,0
chr1	.	miRNA_primary_transcript	175968370	175968479	.	-	.	ID=MI0032314;Alias=MI0032314;Name=hsa-mir-1843	chr1	175968437	.	T	A	23.4231	PASS	DP=16;VDB=1.33331e-05;SGB=-0.651104;RPBZ=-3.24617;MQBZ=0;BQBZ=1.72567;SCBZ=0;MQ0F=0;AC=1;AN=2;DP4=0,8,0,8;MQ=20	GT:PL	0/1:56,0,55
chr1	.	miRNA_primary_transcript	198858873	198858982	.	-	.	ID=MI0000270;Alias=MI0000270;Name=hsa-mir-181b-1	chr1	198858886	.	G	A	19.4182	PASS	DP=11;VDB=0.000411984;SGB=-0.616816;RPBZ=-1.09545;MQBZ=0;BQBZ=0.824958;SCBZ=0;MQ0F=0;AC=1;AN=2;DP4=0,5,0,6;MQ=20	GT:PL	0/1:52,0,44
chr1	.	miRNA_primary_transcript	198859044	198859153	.	-	.	ID=MI0000289;Alias=MI0000289;Name=hsa-mir-181a-1	chr1	198859105	.	C	A	130.357	PASS	DP=280;VDB=0;SGB=-0.693147;RPBZ=-8.51607;MQBZ=0;BQBZ=0.808583;SCBZ=0;MQ0F=0;AC=2;AN=2;DP4=0,5,0,275;MQ=20	GT:PL	1/1:157,255,0
chr1	.	miRNA_primary_transcript	220200538	220200619	.	-	.	ID=MI0006442;Alias=MI0006442;Name=hsa-mir-664a	chr1	220200586	.	A	T	17.4822	PASS	DP=12;VDB=0.000543789;SGB=-0.616816;RPBZ=-0.781736;MQBZ=0;BQBZ=0;SCBZ=0;MQ0F=0;AC=1;AN=2;DP4=0,6,0,6;MQ=20	GT:PL	0/1:50,0,50
chr1	.	miRNA_primary_transcript	220200538	220200619	.	-	.	ID=MI0006442;Alias=MI0006442;Name=hsa-mir-664a	chr1	220200586	.	A	T	17.4822	PASS	DP=12;VDB=0.000543789;SGB=-0.616816;RPBZ=-0.781736;MQBZ=0;BQBZ=0;SCBZ=0;MQ0F=0;AC=1;AN=2;DP4=0,6,0,6;MQ=20	GT:PL	0/1:50,0,50
chr1	.	miRNA	220200586	220200609	.	-	.	ID=MIMAT0005948;Alias=MIMAT0005948;Name=hsa-miR-664a-5p;Derives_from=MI0006442	chr1	220200586	.	A	T	17.4822	PASS	DP=12;VDB=0.000543789;SGB=-0.616816;RPBZ=-0.781736;MQBZ=0;BQBZ=0;SCBZ=0;MQ0F=0;AC=1;AN=2;DP4=0,6,0,6;MQ=20	GT:PL	0/1:50,0,50
chr1	.	miRNA	220200586	220200609	.	-	.	ID=MIMAT0005948;Alias=MIMAT0005948;Name=hsa-miR-664a-5p;Derives_from=MI0006442	chr1	220200586	.	A	T	17.4822	PASS	DP=12;VDB=0.000543789;SGB=-0.616816;RPBZ=-0.781736;MQBZ=0;BQBZ=0;SCBZ=0;MQ0F=0;AC=1;AN=2;DP4=0,6,0,6;MQ=20	GT:PL	0/1:50,0,50
chr10	.	miRNA_primary_transcript	89592747	89592827	.	-	.	ID=MI0000114;Alias=MI0000114;Name=hsa-mir-107	chr10	89592756	.	T	A	63.6233	PASS	DP=1151;VDB=0;SGB=-0.693147;RPBZ=-14.3529;MQBZ=0;BQBZ=8.43987;SCBZ=0;MQ0F=0;AC=2;AN=2;DP4=0,217,0,934;MQ=20	GT:PL	1/1:91,185,0
chr10	.	miRNA_primary_transcript	89592747	89592827	.	-	.	ID=MI0000114;Alias=MI0000114;Name=hsa-mir-107	chr10	89592756	.	T	A	63.6233	PASS	DP=1151;VDB=0;SGB=-0.693147;RPBZ=-14.3529;MQBZ=0;BQBZ=8.43987;SCBZ=0;MQ0F=0;AC=2;AN=2;DP4=0,217,0,934;MQ=20	GT:PL	1/1:91,192,0
chr10	.	miRNA	89592756	89592778	.	-	.	ID=MIMAT0000104;Alias=MIMAT0000104;Name=hsa-miR-107;Derives_from=MI0000114	chr10	89592756	.	T	A	63.6233	PASS	DP=1151;VDB=0;SGB=-0.693147;RPBZ=-14.3529;MQBZ=0;BQBZ=8.43987;SCBZ=0;MQ0F=0;AC=2;AN=2;DP4=0,217,0,934;MQ=20	GT:PL	1/1:91,185,0
chr10	.	miRNA	89592756	89592778	.	-	.	ID=MIMAT0000104;Alias=MIMAT0000104;Name=hsa-miR-107;Derives_from=MI0000114	chr10	89592756	.	T	A	63.6233	PASS	DP=1151;VDB=0;SGB=-0.693147;RPBZ=-14.3529;MQBZ=0;BQBZ=8.43987;SCBZ=0;MQ0F=0;AC=2;AN=2;DP4=0,217,0,934;MQ=20	GT:PL	1/1:91,192,0
chr10	.	miRNA_primary_transcript	102436512	102436584	.	+	.	ID=MI0003129;Alias=MI0003129;Name=hsa-mir-146b	chr10	102436544	.	G	T	51.3221	PASS	DP=93;VDB=9.80909e-45;SGB=-0.693147;RPBZ=4.98412;MQBZ=0;BQBZ=-0.959281;SCBZ=0;MQ0F=0;AC=2;AN=2;DP4=2,0,91,0;MQ=20	GT:PL	1/1:78,206,0
chr10	.	miRNA_primary_transcript	103394253	103394401	.	-	.	ID=MI0006444;Alias=MI0006444;Name=hsa-mir-1307	chr10	103394298	.	T	A	21.4423	PASS	DP=58;VDB=3.75937e-20;SGB=-0.69311;RPBZ=-2.48475;MQBZ=0;BQBZ=-2.56723;SCBZ=0;MQ0F=0;AC=1;AN=2;DP4=0,27,0,31;MQ=20	GT:PL	0/1:54,0,53
chr10	.	miRNA_primary_transcript	110988926	110989013	.	+	.	ID=MI0006344;Alias=MI0006344;Name=hsa-mir-548e	chr10	110989000	.	C	A	28.2806	PASS	DP=24;VDB=4.49525e-10;SGB=-0.688148;RPBZ=4.64623;MQBZ=0;BQBZ=-0.410039;SCBZ=0;MQ0F=0;AC=1;AN=2;DP4=9,0,15,0;MQ=20	GT:PL	0/1:61,0,49
chr11	.	miRNA_primary_transcript	75335092	75335186	.	-	.	ID=MI0000808;Alias=MI0000808;Name=hsa-mir-326	chr11	75335107	.	G	T,A	46.206	PASS	DP=127;VDB=0;SGB=-0.693147;RPBZ=0;MQBZ=0;BQBZ=-0.526979;SCBZ=0;MQ0F=0;AC=1,1;AN=2;DP4=0,1,0,126;MQ=20	GT:PL	1/2:105,233,43,205,0,50
chr11	.	miRNA_primary_transcript	96341438	96341526	.	+	.	ID=MI0014197;Alias=MI0014197;Name=hsa-mir-1260b	chr11	96341455	.	A	G	116.173	PASS	DP=1168;VDB=0;SGB=-0.693147;RPBZ=3.05997;MQBZ=0;BQBZ=1.12215;SCBZ=0;MQ0F=0;AC=2;AN=2;DP4=70,0,1098,0;MQ=20	GT:PL	1/1:143,255,0
chr11	.	miRNA_primary_transcript	96341438	96341526	.	+	.	ID=MI0014197;Alias=MI0014197;Name=hsa-mir-1260b	chr11	96341455	.	A	G	116.173	PASS	DP=1168;VDB=0;SGB=-0.693147;RPBZ=3.05997;MQBZ=0;BQBZ=1.12215;SCBZ=0;MQ0F=0;AC=2;AN=2;DP4=70,0,1098,0;MQ=20	GT:PL	1/1:143,255,0
chr11	.	miRNA	96341447	96341465	.	+	.	ID=MIMAT0015041;Alias=MIMAT0015041;Name=hsa-miR-1260b;Derives_from=MI0014197	chr11	96341455	.	A	G	116.173	PASS	DP=1168;VDB=0;SGB=-0.693147;RPBZ=3.05997;MQBZ=0;BQBZ=1.12215;SCBZ=0;MQ0F=0;AC=2;AN=2;DP4=70,0,1098,0;MQ=20	GT:PL	1/1:143,255,0
chr11	.	miRNA	96341447	96341465	.	+	.	ID=MIMAT0015041;Alias=MIMAT0015041;Name=hsa-miR-1260b;Derives_from=MI0014197	chr11	96341455	.	A	G	116.173	PASS	DP=1168;VDB=0;SGB=-0.693147;RPBZ=3.05997;MQBZ=0;BQBZ=1.12215;SCBZ=0;MQ0F=0;AC=2;AN=2;DP4=70,0,1098,0;MQ=20	GT:PL	1/1:143,255,0
chr12	.	miRNA_primary_transcript	54337216	54337314	.	+	.	ID=MI0000811;Alias=MI0000811;Name=hsa-mir-148b	chr12	54337300	.	C	T	137.38	PASS	DP=12292;VDB=0;SGB=-0.693147;RPBZ=-12.7514;MQBZ=0;BQBZ=5.40077;SCBZ=0;MQ0F=0;AC=2;AN=2;DP4=155,0,12137,0;MQ=20	GT:PL	1/1:164,255,0
chr12	.	miRNA_primary_transcript	57824609	57824692	.	-	.	ID=MI0000750;Alias=MI0000750;Name=hsa-mir-26a-2	chr12	57824657	.	C	A	111.382	PASS	DP=30738;VDB=0;SGB=-0.693147;RPBZ=-4.57825;MQBZ=0;BQBZ=6.23833;SCBZ=0;MQ0F=0;AC=2;AN=2;DP4=0,322,0,30416;MQ=20	GT:PL	1/1:138,255,0
chr12	.	miRNA_primary_transcript	62603686	62603769	.	+	.	ID=MI0000434;Alias=MI0000434;Name=hsa-let-7i	chr12	62603713	.	G	A,T	72.7643	PASS	DP=3581;VDB=0;SGB=-0.693147;RPBZ=0.823142;MQBZ=0;BQBZ=-0.647366;SCBZ=0;MQ0F=0;AC=1,1;AN=2;DP4=17,0,3564,0;MQ=20	GT:PL	1/2:132,255,54,255,0,63
chr12	.	miRNA_primary_transcript	95308420	95308513	.	+	.	ID=MI0000812;Alias=MI0000812;Name=hsa-mir-331	chr12	95308500	.	A	C	15.4627	PASS	DP=61;VDB=1.30483e-15;SGB=-0.693021;RPBZ=5.99328;MQBZ=0;BQBZ=1.76792;SCBZ=0;MQ0F=0;AC=1;AN=2;DP4=34,0,27,0;MQ=20	GT:PL	0/1:48,0,53
chr12	.	miRNA_primary_transcript	95308420	95308513	.	+	.	ID=MI0000812;Alias=MI0000812;Name=hsa-mir-331	chr12	95308501	.	C	T	30.3085	PASS	DP=27;VDB=1.29641e-11;SGB=-0.689466;RPBZ=2.92191;MQBZ=0;BQBZ=0.109243;SCBZ=0;MQ0F=0;AC=1;AN=2;DP4=11,0,16,0;MQ=20	GT:PL	0/1:63,0,53
chr12	.	miRNA_primary_transcript	95308420	95308513	.	+	.	ID=MI0000812;Alias=MI0000812;Name=hsa-mir-331	chr12	95308500	.	A	C	15.4627	PASS	DP=61;VDB=1.30483e-15;SGB=-0.693021;RPBZ=5.99328;MQBZ=0;BQBZ=1.76792;SCBZ=0;MQ0F=0;AC=1;AN=2;DP4=34,0,27,0;MQ=20	GT:PL	0/1:48,0,53
chr12	.	miRNA	95308480	95308500	.	+	.	ID=MIMAT0000760;Alias=MIMAT0000760;Name=hsa-miR-331-3p;Derives_from=MI0000812	chr12	95308500	.	A	C	15.4627	PASS	DP=61;VDB=1.30483e-15;SGB=-0.693021;RPBZ=5.99328;MQBZ=0;BQBZ=1.76792;SCBZ=0;MQ0F=0;AC=1;AN=2;DP4=34,0,27,0;MQ=20	GT:PL	0/1:48,0,53
chr12	.	miRNA	95308480	95308500	.	+	.	ID=MIMAT0000760;Alias=MIMAT0000760;Name=hsa-miR-331-3p;Derives_from=MI0000812	chr12	95308500	.	A	C	15.4627	PASS	DP=61;VDB=1.30483e-15;SGB=-0.693021;RPBZ=5.99328;MQBZ=0;BQBZ=1.76792;SCBZ=0;MQ0F=0;AC=1;AN=2;DP4=34,0,27,0;MQ=20	GT:PL	0/1:48,0,53
chr13	.	miRNA_primary_transcript	91350605	91350688	.	+	.	ID=MI0000071;Alias=MI0000071;Name=hsa-mir-17	chr13	91350678	.	A	T	21.9113	PASS	DP=48;VDB=8.54737e-26;SGB=-0.693146;RPBZ=3.44266;MQBZ=0;BQBZ=0;SCBZ=0;MQ0F=0;AC=2;AN=2;DP4=6,0,42,0;MQ=20	GT:PL	1/1:49,43,0
chr13	.	miRNA_primary_transcript	91350751	91350821	.	+	.	ID=MI0000072;Alias=MI0000072;Name=hsa-mir-18a	chr13	91350819	.	G	T	25.3028	PASS	DP=44;VDB=1.30483e-15;SGB=-0.692976;RPBZ=0;MQBZ=0;BQBZ=-0.651052;SCBZ=0;MQ0F=0;AC=1;AN=2;DP4=18,0,26,0;MQ=20	GT:PL	0/1:58,0,51
chr13	.	miRNA_primary_transcript	91350751	91350821	.	+	.	ID=MI0000072;Alias=MI0000072;Name=hsa-mir-18a	chr13	91350819	.	G	T	25.3028	PASS	DP=44;VDB=1.30483e-15;SGB=-0.692976;RPBZ=0;MQBZ=0;BQBZ=-0.651052;SCBZ=0;MQ0F=0;AC=1;AN=2;DP4=18,0,26,0;MQ=20	GT:PL	0/1:58,0,51
chr13	.	miRNA	91350797	91350819	.	+	.	ID=MIMAT0002891;Alias=MIMAT0002891;Name=hsa-miR-18a-3p;Derives_from=MI0000072	chr13	91350819	.	G	T	25.3028	PASS	DP=44;VDB=1.30483e-15;SGB=-0.692976;RPBZ=0;MQBZ=0;BQBZ=-0.651052;SCBZ=0;MQ0F=0;AC=1;AN=2;DP4=18,0,26,0;MQ=20	GT:PL	0/1:58,0,51
chr13	.	miRNA	91350797	91350819	.	+	.	ID=MIMAT0002891;Alias=MIMAT0002891;Name=hsa-miR-18a-3p;Derives_from=MI0000072	chr13	91350819	.	G	T	25.3028	PASS	DP=44;VDB=1.30483e-15;SGB=-0.692976;RPBZ=0;MQBZ=0;BQBZ=-0.651052;SCBZ=0;MQ0F=0;AC=1;AN=2;DP4=18,0,26,0;MQ=20	GT:PL	0/1:58,0,51
chr13	.	miRNA_primary_transcript	91351065	91351135	.	+	.	ID=MI0000076;Alias=MI0000076;Name=hsa-mir-20a	chr13	91351096	.	G	T	20.5801	PASS	DP=28;VDB=7.71725e-15;SGB=-0.692562;RPBZ=3.90595;MQBZ=0;BQBZ=-0.91957;SCBZ=0;MQ0F=0;AC=1;AN=2;DP4=6,0,22,0;MQ=20	GT:PL	0/1:54,0,14
chr13	.	miRNA_primary_transcript	91351314	91351391	.	+	.	ID=MI0000093;Alias=MI0000093;Name=hsa-mir-92a-1	chr13	91351384	.	G	T	57.8839	PASS	DP=21441;VDB=0;SGB=-0.693147;RPBZ=7.21689;MQBZ=0;BQBZ=10.5506;SCBZ=0;MQ0F=0;AC=2;AN=2;DP4=2205,0,19236,0;MQ=20	GT:PL	1/1:85,255,0
chr14	.	miRNA_primary_transcript	65471102	65471186	.	+	.	ID=MI0003639;Alias=MI0003639;Name=hsa-mir-625	chr14	65471112	.	G	A,T	58.6698	PASS	DP=34;VDB=1.68897e-19;SGB=-0.693127;RPBZ=-1.446;MQBZ=0;BQBZ=-0.678669;SCBZ=0;MQ0F=0;AC=1,1;AN=2;DP4=0,1,0,33;MQ=20	GT:PL	1/2:118,93,54,88,0,60
chr14	.	miRNA_primary_transcript	65471102	65471186	.	+	.	ID=MI0003639;Alias=MI0003639;Name=hsa-mir-625	chr14	65471138	.	G	T	28.4004	PASS	DP=21;VDB=2.26006e-08;SGB=-0.676189;RPBZ=0;MQBZ=0;BQBZ=1.52177;SCBZ=0;MQ0F=0;AC=1;AN=2;DP4=10,0,11,0;MQ=20	GT:PL	0/1:61,0,57
chr14	.	miRNA_primary_transcript	65471102	65471186	.	+	.	ID=MI0003639;Alias=MI0003639;Name=hsa-mir-625	chr14	65471150	.	C	A	28.4004	PASS	DP=21;VDB=2.26006e-08;SGB=-0.676189;RPBZ=0;MQBZ=0;BQBZ=1.52177;SCBZ=0;MQ0F=0;AC=1;AN=2;DP4=0,10,0,11;MQ=20	GT:PL	0/1:61,0,57
chr14	.	miRNA_primary_transcript	65471102	65471186	.	+	.	ID=MI0003639;Alias=MI0003639;Name=hsa-mir-625	chr14	65471176	.	C	T,A	58.6698	PASS	DP=34;VDB=1.68898e-19;SGB=-0.693127;RPBZ=1.446;MQBZ=0;BQBZ=-0.678669;SCBZ=0;MQ0F=0;AC=1,1;AN=2;DP4=1,0,33,0;MQ=20	GT:PL	1/2:118,93,54,88,0,60
chr14	.	miRNA_primary_transcript	77266218	77266290	.	+	.	ID=MI0006394;Alias=MI0006394;Name=hsa-mir-1260a	chr14	77266239	.	T	G	126.322	PASS	DP=529;VDB=0;SGB=-0.693147;RPBZ=-1.03438;MQBZ=0;BQBZ=5.71121;SCBZ=0;MQ0F=0;AC=2;AN=2;DP4=15,0,514,0;MQ=20	GT:PL	1/1:153,255,0
chr14	.	miRNA_primary_transcript	77266218	77266290	.	+	.	ID=MI0006394;Alias=MI0006394;Name=hsa-mir-1260a	chr14	77266239	.	T	G	125.322	PASS	DP=529;VDB=0;SGB=-0.693147;RPBZ=-1.03438;MQBZ=0;BQBZ=5.71121;SCBZ=0;MQ0F=0;AC=2;AN=2;DP4=15,0,514,0;MQ=20	GT:PL	1/1:152,255,0
chr14	.	miRNA	77266231	77266248	.	+	.	ID=MIMAT0005911;Alias=MIMAT0005911;Name=hsa-miR-1260a;Derives_from=MI0006394	chr14	77266239	.	T	G	126.322	PASS	DP=529;VDB=0;SGB=-0.693147;RPBZ=-1.03438;MQBZ=0;BQBZ=5.71121;SCBZ=0;MQ0F=0;AC=2;AN=2;DP4=15,0,514,0;MQ=20	GT:PL	1/1:153,255,0
chr14	.	miRNA	77266231	77266248	.	+	.	ID=MIMAT0005911;Alias=MIMAT0005911;Name=hsa-miR-1260a;Derives_from=MI0006394	chr14	77266239	.	T	G	125.322	PASS	DP=529;VDB=0;SGB=-0.693147;RPBZ=-1.03438;MQBZ=0;BQBZ=5.71121;SCBZ=0;MQ0F=0;AC=2;AN=2;DP4=15,0,514,0;MQ=20	GT:PL	1/1:152,255,0
chr14	.	miRNA_primary_transcript	100109655	100109753	.	+	.	ID=MI0000805;Alias=MI0000805;Name=hsa-mir-342	chr14	100109698	.	C	T	26.1912	PASS	DP=35;VDB=1.30483e-15;SGB=-0.692717;RPBZ=2.89576;MQBZ=0;BQBZ=2.88722;SCBZ=0;MQ0F=0;AC=1;AN=2;DP4=12,0,23,0;MQ=20	GT:PL	0/1:59,0,46
chr14	.	miRNA_primary_transcript	100109655	100109753	.	+	.	ID=MI0000805;Alias=MI0000805;Name=hsa-mir-342	chr14	100109739	.	A	T	31.1212	PASS	DP=341;VDB=0;SGB=-0.693147;RPBZ=10.9937;MQBZ=0;BQBZ=11.7533;SCBZ=0;MQ0F=0;AC=2;AN=2;DP4=105,0,236,0;MQ=20	GT:PL	1/1:59,52,0
chr14	.	miRNA_primary_transcript	100307859	100307956	.	+	.	ID=MI0000825;Alias=MI0000825;Name=hsa-mir-345	chr14	100307898	.	G	T	25.3751	PASS	DP=25;VDB=1.8936e-14;SGB=-0.692352;RPBZ=1.19523;MQBZ=0;BQBZ=0.772483;SCBZ=0;MQ0F=0;AC=2;AN=2;DP4=4,0,21,0;MQ=20	GT:PL	1/1:52,0,0
chr14	.	miRNA_primary_transcript	100869060	100869148	.	+	.	ID=MI0003132;Alias=MI0003132;Name=hsa-mir-493	chr14	100869097	.	C	T,A	49.5019	PASS	DP=25;VDB=2.56689e-15;SGB=-0.692717;RPBZ=3.91208;MQBZ=0;BQBZ=-0.803123;SCBZ=0;MQ0F=0;AC=1,1;AN=2;DP4=2,0,23,0;MQ=20	GT:PL	1/2:109,64,56,65,0,59
chr14	.	miRNA_primary_transcript	100882979	100883075	.	+	.	ID=MI0000472;Alias=MI0000472;Name=hsa-mir-127	chr14	100883057	.	G	T	84.3002	PASS	DP=1595;VDB=0;SGB=-0.693147;RPBZ=8.23252;MQBZ=0;BQBZ=6.14334;SCBZ=0;MQ0F=0;AC=2;AN=2;DP4=41,0,1554,0;MQ=20	GT:PL	1/1:111,255,0
chr14	.	miRNA_primary_transcript	100882979	100883075	.	+	.	ID=MI0000472;Alias=MI0000472;Name=hsa-mir-127	chr14	100883058	.	G	T	21.3475	PASS	DP=56;VDB=3.30811e-18;SGB=-0.693127;RPBZ=2.66804;MQBZ=0;BQBZ=2.34339;SCBZ=0;MQ0F=0;AC=1;AN=2;DP4=23,0,33,0;MQ=20	GT:PL	0/1:54,0,48
chr14	.	miRNA_primary_transcript	100884483	100884576	.	+	.	ID=MI0003133;Alias=MI0003133;Name=hsa-mir-432	chr14	100884519	.	A	T	27.307	PASS	DP=39;VDB=7.20298e-15;SGB=-0.692717;RPBZ=4.5659;MQBZ=0;BQBZ=-3.43273;SCBZ=0;MQ0F=0;AC=1;AN=2;DP4=16,0,23,0;MQ=20	GT:PL	0/1:60,0,52
chr14	.	miRNA_primary_transcript	101026020	101026107	.	+	.	ID=MI0003757;Alias=MI0003757;Name=hsa-mir-758	chr14	101026093	.	C	T	27.9107	PASS	DP=12;VDB=1.33331e-05;SGB=-0.651104;RPBZ=3.31662;MQBZ=0;BQBZ=0.955307;SCBZ=0;MQ0F=0;AC=1;AN=2;DP4=4,0,8,0;MQ=20	GT:PL	0/1:61,0,31
chr14	.	miRNA_primary_transcript	101029634	101029714	.	+	.	ID=MI0003134;Alias=MI0003134;Name=hsa-mir-494	chr14	101029704	.	T	A	27.3999	PASS	DP=19;VDB=2.7054e-06;SGB=-0.670168;RPBZ=0.641427;MQBZ=0;BQBZ=-0.827043;SCBZ=0;MQ0F=0;AC=1;AN=2;DP4=9,0,10,0;MQ=20	GT:PL	0/1:60,0,56
chr14	.	miRNA_primary_transcript	101031987	101032064	.	+	.	ID=MI0005565;Alias=MI0005565;Name=hsa-mir-543	chr14	101032055	.	T	A	18.35	PASS	DP=25;VDB=7.49252e-08;SGB=-0.676189;RPBZ=-0.82608;MQBZ=0;BQBZ=-2.66603;SCBZ=0;MQ0F=0;AC=1;AN=2;DP4=14,0,11,0;MQ=20	GT:PL	0/1:51,0,63
chr14	.	miRNA_primary_transcript	101040069	101040148	.	+	.	ID=MI0003529;Alias=MI0003529;Name=hsa-mir-376a-2	chr14	101040123	.	A	G	27.4118	PASS	DP=22;VDB=6.57308e-08;SGB=-0.676189;RPBZ=0.267531;MQBZ=0;BQBZ=0.0488199;SCBZ=0;MQ0F=0;AC=1;AN=2;DP4=11,0,11,0;MQ=20	GT:PL	0/1:60,0,59
chr14	.	miRNA_primary_transcript	101040069	101040148	.	+	.	ID=MI0003529;Alias=MI0003529;Name=hsa-mir-376a-2	chr14	101040123	.	A	G	27.4118	PASS	DP=22;VDB=6.57308e-08;SGB=-0.676189;RPBZ=0.267531;MQBZ=0;BQBZ=0.0488199;SCBZ=0;MQ0F=0;AC=1;AN=2;DP4=11,0,11,0;MQ=20	GT:PL	0/1:60,0,59
chr14	.	miRNA	101040118	101040138	.	+	.	ID=MIMAT0000729;Alias=MIMAT0000729;Name=hsa-miR-376a-3p;Derives_from=MI0003529	chr14	101040123	.	A	G	27.4118	PASS	DP=22;VDB=6.57308e-08;SGB=-0.676189;RPBZ=0.267531;MQBZ=0;BQBZ=0.0488199;SCBZ=0;MQ0F=0;AC=1;AN=2;DP4=11,0,11,0;MQ=20	GT:PL	0/1:60,0,59
chr14	.	miRNA	101040118	101040138	.	+	.	ID=MIMAT0000729;Alias=MIMAT0000729;Name=hsa-miR-376a-3p;Derives_from=MI0003529	chr14	101040123	.	A	G	27.4118	PASS	DP=22;VDB=6.57308e-08;SGB=-0.676189;RPBZ=0.267531;MQBZ=0;BQBZ=0.0488199;SCBZ=0;MQ0F=0;AC=1;AN=2;DP4=11,0,11,0;MQ=20	GT:PL	0/1:60,0,59
chr14	.	miRNA_primary_transcript	101040782	101040849	.	+	.	ID=MI0000784;Alias=MI0000784;Name=hsa-mir-376a-1	chr14	101040830	.	A	G	27.4118	PASS	DP=22;VDB=6.57308e-08;SGB=-0.676189;RPBZ=0.267531;MQBZ=0;BQBZ=0.0488199;SCBZ=0;MQ0F=0;AC=1;AN=2;DP4=11,0,11,0;MQ=20	GT:PL	0/1:60,0,59
chr14	.	miRNA_primary_transcript	101040782	101040849	.	+	.	ID=MI0000784;Alias=MI0000784;Name=hsa-mir-376a-1	chr14	101040830	.	A	G	27.4118	PASS	DP=22;VDB=6.57308e-08;SGB=-0.676189;RPBZ=0.267531;MQBZ=0;BQBZ=0.0488199;SCBZ=0;MQ0F=0;AC=1;AN=2;DP4=11,0,11,0;MQ=20	GT:PL	0/1:60,0,59
chr14	.	miRNA	101040825	101040845	.	+	.	ID=MIMAT0000729_1;Alias=MIMAT0000729;Name=hsa-miR-376a-3p;Derives_from=MI0000784	chr14	101040830	.	A	G	27.4118	PASS	DP=22;VDB=6.57308e-08;SGB=-0.676189;RPBZ=0.267531;MQBZ=0;BQBZ=0.0488199;SCBZ=0;MQ0F=0;AC=1;AN=2;DP4=11,0,11,0;MQ=20	GT:PL	0/1:60,0,59
chr14	.	miRNA	101040825	101040845	.	+	.	ID=MIMAT0000729_1;Alias=MIMAT0000729;Name=hsa-miR-376a-3p;Derives_from=MI0000784	chr14	101040830	.	A	G	27.4118	PASS	DP=22;VDB=6.57308e-08;SGB=-0.676189;RPBZ=0.267531;MQBZ=0;BQBZ=0.0488199;SCBZ=0;MQ0F=0;AC=1;AN=2;DP4=11,0,11,0;MQ=20	GT:PL	0/1:60,0,59
chr14	.	miRNA_primary_transcript	101046455	101046538	.	+	.	ID=MI0003530;Alias=MI0003530;Name=hsa-mir-487b	chr14	101046527	.	T	A	20.4145	PASS	DP=48;VDB=5.83249e-15;SGB=-0.692717;RPBZ=2.06816;MQBZ=0;BQBZ=-1.60665;SCBZ=0;MQ0F=0;AC=1;AN=2;DP4=25,0,23,0;MQ=20	GT:PL	0/1:53,0,57
chr14	.	miRNA_primary_transcript	101046455	101046538	.	+	.	ID=MI0003530;Alias=MI0003530;Name=hsa-mir-487b	chr14	101046528	.	T	A	21.2623	PASS	DP=10;VDB=0.000481013;SGB=-0.616816;RPBZ=0.968246;MQBZ=0;BQBZ=-0.306186;SCBZ=0;MQ0F=0;AC=1;AN=2;DP4=4,0,6,0;MQ=20	GT:PL	0/1:54,0,36
chr15	.	miRNA_primary_transcript	85380596	85380662	.	+	.	ID=MI0025242;Alias=MI0025242;Name=hsa-mir-7706	chr15	85380662	.	A	T	24.1874	PASS	DP=41;VDB=1.5958e-15;SGB=-0.692976;RPBZ=1.73573;MQBZ=0;BQBZ=1.89897;SCBZ=0;MQ0F=0;AC=1;AN=2;DP4=15,0,26,0;MQ=20	GT:PL	0/1:57,0,47
chr15	.	miRNA_primary_transcript	85380596	85380662	.	+	.	ID=MI0025242;Alias=MI0025242;Name=hsa-mir-7706	chr15	85380662	.	A	T	24.1874	PASS	DP=41;VDB=1.5958e-15;SGB=-0.692976;RPBZ=1.73573;MQBZ=0;BQBZ=1.89897;SCBZ=0;MQ0F=0;AC=1;AN=2;DP4=15,0,26,0;MQ=20	GT:PL	0/1:57,0,47
chr15	.	miRNA	85380639	85380662	.	+	.	ID=MIMAT0030021;Alias=MIMAT0030021;Name=hsa-miR-7706;Derives_from=MI0025242	chr15	85380662	.	A	T	24.1874	PASS	DP=41;VDB=1.5958e-15;SGB=-0.692976;RPBZ=1.73573;MQBZ=0;BQBZ=1.89897;SCBZ=0;MQ0F=0;AC=1;AN=2;DP4=15,0,26,0;MQ=20	GT:PL	0/1:57,0,47
chr15	.	miRNA	85380639	85380662	.	+	.	ID=MIMAT0030021;Alias=MIMAT0030021;Name=hsa-miR-7706;Derives_from=MI0025242	chr15	85380662	.	A	T	24.1874	PASS	DP=41;VDB=1.5958e-15;SGB=-0.692976;RPBZ=1.73573;MQBZ=0;BQBZ=1.89897;SCBZ=0;MQ0F=0;AC=1;AN=2;DP4=15,0,26,0;MQ=20	GT:PL	0/1:57,0,47
chr16	.	miRNA_primary_transcript	15643294	15643372	.	+	.	ID=MI0002468;Alias=MI0002468;Name=hsa-mir-484	chr16	15643323	.	A	T	26.3976	PASS	DP=1464;VDB=0;SGB=-0.693147;RPBZ=10.1557;MQBZ=0;BQBZ=10.0134;SCBZ=0;MQ0F=0;AC=1;AN=2;DP4=784,0,680,0;MQ=20	GT:PL	0/1:59,0,59
chr16	.	miRNA_primary_transcript	15643294	15643372	.	+	.	ID=MI0002468;Alias=MI0002468;Name=hsa-mir-484	chr16	15643325	.	A	T	26.9671	PASS	DP=32;VDB=1.30483e-15;SGB=-0.692352;RPBZ=1.98632;MQBZ=0;BQBZ=-1.31843;SCBZ=0;MQ0F=0;AC=1;AN=2;DP4=11,0,21,0;MQ=20	GT:PL	0/1:60,0,43
chr16	.	miRNA_primary_transcript	67202321	67202395	.	-	.	ID=MI0000804;Alias=MI0000804;Name=hsa-mir-328	chr16	67202325	.	G	A	23.9405	PASS	DP=14;VDB=1.51066e-06;SGB=-0.670168;RPBZ=-0.698212;MQBZ=0;BQBZ=0.382372;SCBZ=0;MQ0F=0;AC=1;AN=2;DP4=0,4,0,10;MQ=20	GT:PL	0/1:57,0,28
chr16	.	miRNA_primary_transcript	67202321	67202395	.	-	.	ID=MI0000804;Alias=MI0000804;Name=hsa-mir-328	chr16	67202326	.	G	A	77.2813	PASS	DP=673;VDB=0;SGB=-0.693147;RPBZ=-13.9455;MQBZ=0;BQBZ=2.67545;SCBZ=0;MQ0F=0;AC=2;AN=2;DP4=0,18,0,655;MQ=20	GT:PL	1/1:104,255,0
chr16	.	miRNA_primary_transcript	69933081	69933180	.	+	.	ID=MI0000456;Alias=MI0000456;Name=hsa-mir-140	chr16	69933125	.	G	T	28.8428	PASS	DP=28;VDB=2.49895e-15;SGB=-0.692831;RPBZ=3.72643;MQBZ=0;BQBZ=0.411159;SCBZ=0;MQ0F=0;AC=2;AN=2;DP4=4,0,24,0;MQ=20	GT:PL	1/1:56,13,0
chr16	.	miRNA_primary_transcript	69933081	69933180	.	+	.	ID=MI0000456;Alias=MI0000456;Name=hsa-mir-140	chr16	69933165	.	A	T	118.313	PASS	DP=3898;VDB=0;SGB=-0.693147;RPBZ=5.89638;MQBZ=0;BQBZ=3.13259;SCBZ=0;MQ0F=0;AC=2;AN=2;DP4=109,0,3789,0;MQ=20	GT:PL	1/1:145,255,0
chr16	.	miRNA_primary_transcript	88468918	88469031	.	+	.	ID=MI0018168;Alias=MI0018168;Name=hsa-mir-5189	chr16	88469007	.	C	T	17.3745	PASS	DP=19;VDB=1.33331e-05;SGB=-0.651104;RPBZ=3.36241;MQBZ=0;BQBZ=-0.51544;SCBZ=0;MQ0F=0;AC=1;AN=2;DP4=11,0,8,0;MQ=20	GT:PL	0/1:50,0,63
chr17	.	miRNA_primary_transcript	1713903	1713987	.	-	.	ID=MI0000078;Alias=MI0000078;Name=hsa-mir-22	chr17	1713912	.	C	T,A	35.6536	PASS	DP=14;VDB=2.26006e-08;SGB=-0.683931;RPBZ=-3.60555;MQBZ=0;BQBZ=-0.62253;SCBZ=0;MQ0F=0;AC=1,1;AN=2;DP4=0,1,0,13;MQ=20	GT:PL	1/2:94,46,37,60,0,58
chr17	.	miRNA_primary_transcript	1713903	1713987	.	-	.	ID=MI0000078;Alias=MI0000078;Name=hsa-mir-22	chr17	1713913	.	A	T	50.4096	PASS	DP=639;VDB=0;SGB=-0.693147;RPBZ=-6.79593;MQBZ=0;BQBZ=-8.6247;SCBZ=0;MQ0F=0;AC=2;AN=2;DP4=0,151,0,488;MQ=20	GT:PL	1/1:78,129,0
chr17	.	miRNA_primary_transcript	1713903	1713987	.	-	.	ID=MI0000078;Alias=MI0000078;Name=hsa-mir-22	chr17	1713936	.	T	G	15.9242	PASS	DP=69;VDB=1.4013e-45;SGB=-0.693147;RPBZ=1.46622;MQBZ=0;BQBZ=0.71922;SCBZ=0;MQ0F=0;AC=2;AN=2;DP4=0,10,0,59;MQ=20	GT:PL	1/1:43,56,0
chr17	.	miRNA_primary_transcript	2049908	2050008	.	-	.	ID=MI0000449;Alias=MI0000449;Name=hsa-mir-132	chr17	2049928	.	G	A	52.3054	PASS	DP=36;VDB=3.75937e-20;SGB=-0.693136;RPBZ=0;MQBZ=0;BQBZ=-0.981156;SCBZ=0;MQ0F=0;AC=2;AN=2;DP4=0,1,0,35;MQ=20	GT:PL	1/1:79,85,0
chr17	.	miRNA_primary_transcript	8186945	8187004	.	+	.	ID=MI0016887;Alias=MI0016887;Name=hsa-mir-4521	chr17	8186948	.	G	C	82.3921	PASS	DP=132;VDB=0;SGB=-0.693147;RPBZ=2.56315;MQBZ=0;BQBZ=1.49798;SCBZ=0;MQ0F=0;AC=2;AN=2;DP4=1,0,131,0;MQ=20	GT:PL	1/1:109,255,0
chr17	.	miRNA_primary_transcript	8186945	8187004	.	+	.	ID=MI0016887;Alias=MI0016887;Name=hsa-mir-4521	chr17	8186948	.	G	C	82.3921	PASS	DP=132;VDB=0;SGB=-0.693147;RPBZ=2.56315;MQBZ=0;BQBZ=1.49798;SCBZ=0;MQ0F=0;AC=2;AN=2;DP4=1,0,131,0;MQ=20	GT:PL	1/1:109,255,0
chr17	.	miRNA	8186948	8186969	.	+	.	ID=MIMAT0019058;Alias=MIMAT0019058;Name=hsa-miR-4521;Derives_from=MI0016887	chr17	8186948	.	G	C	82.3921	PASS	DP=132;VDB=0;SGB=-0.693147;RPBZ=2.56315;MQBZ=0;BQBZ=1.49798;SCBZ=0;MQ0F=0;AC=2;AN=2;DP4=1,0,131,0;MQ=20	GT:PL	1/1:109,255,0
chr17	.	miRNA	8186948	8186969	.	+	.	ID=MIMAT0019058;Alias=MIMAT0019058;Name=hsa-miR-4521;Derives_from=MI0016887	chr17	8186948	.	G	C	82.3921	PASS	DP=132;VDB=0;SGB=-0.693147;RPBZ=2.56315;MQBZ=0;BQBZ=1.49798;SCBZ=0;MQ0F=0;AC=2;AN=2;DP4=1,0,131,0;MQ=20	GT:PL	1/1:109,255,0
chr17	.	miRNA_primary_transcript	12081899	12081996	.	+	.	ID=MI0005559;Alias=MI0005559;Name=hsa-mir-744	chr17	12081931	.	G	T,A	29.0286	PASS	DP=227;VDB=0;SGB=-0.693147;RPBZ=2.93611;MQBZ=0;BQBZ=0.263871;SCBZ=0;MQ0F=0;AC=1,1;AN=2;DP4=14,0,213,0;MQ=20	GT:PL	1/2:88,206,42,180,0,51
chr17	.	miRNA_primary_transcript	30117079	30117172	.	+	.	ID=MI0001445;Alias=MI0001445;Name=hsa-mir-423	chr17	30117119	.	C	T	124.378	PASS	DP=4237;VDB=0;SGB=-0.693147;RPBZ=3.42729;MQBZ=0;BQBZ=1.27656;SCBZ=0;MQ0F=0;AC=2;AN=2;DP4=52,0,4185,0;MQ=20	GT:PL	1/1:151,255,0
chr17	.	miRNA_primary_transcript	30117079	30117172	.	+	.	ID=MI0001445;Alias=MI0001445;Name=hsa-mir-423	chr17	30117154	.	C	T	80.3752	PASS	DP=9431;VDB=0;SGB=-0.693147;RPBZ=8.70796;MQBZ=0;BQBZ=-0.345992;SCBZ=0;MQ0F=0;AC=2;AN=2;DP4=96,0,9335,0;MQ=20	GT:PL	1/1:107,255,0
chr17	.	miRNA_primary_transcript	30117079	30117172	.	+	.	ID=MI0001445;Alias=MI0001445;Name=hsa-mir-423	chr17	30117119	.	C	T	124.378	PASS	DP=4237;VDB=0;SGB=-0.693147;RPBZ=3.42729;MQBZ=0;BQBZ=1.27656;SCBZ=0;MQ0F=0;AC=2;AN=2;DP4=52,0,4185,0;MQ=20	GT:PL	1/1:151,255,0
chr17	.	miRNA_primary_transcript	30117079	30117172	.	+	.	ID=MI0001445;Alias=MI0001445;Name=hsa-mir-423	chr17	30117154	.	C	T	82.3752	PASS	DP=9431;VDB=0;SGB=-0.693147;RPBZ=8.70796;MQBZ=0;BQBZ=-0.345992;SCBZ=0;MQ0F=0;AC=2;AN=2;DP4=96,0,9335,0;MQ=20	GT:PL	1/1:109,255,0
chr17	.	miRNA_primary_transcript	30117086	30117160	.	-	.	ID=MI0014226;Alias=MI0014226;Name=hsa-mir-3184	chr17	30117119	.	C	T	124.378	PASS	DP=4237;VDB=0;SGB=-0.693147;RPBZ=3.42729;MQBZ=0;BQBZ=1.27656;SCBZ=0;MQ0F=0;AC=2;AN=2;DP4=52,0,4185,0;MQ=20	GT:PL	1/1:151,255,0
chr17	.	miRNA_primary_transcript	30117086	30117160	.	-	.	ID=MI0014226;Alias=MI0014226;Name=hsa-mir-3184	chr17	30117154	.	C	T	80.3752	PASS	DP=9431;VDB=0;SGB=-0.693147;RPBZ=8.70796;MQBZ=0;BQBZ=-0.345992;SCBZ=0;MQ0F=0;AC=2;AN=2;DP4=96,0,9335,0;MQ=20	GT:PL	1/1:107,255,0
chr17	.	miRNA_primary_transcript	30117086	30117160	.	-	.	ID=MI0014226;Alias=MI0014226;Name=hsa-mir-3184	chr17	30117119	.	C	T	124.378	PASS	DP=4237;VDB=0;SGB=-0.693147;RPBZ=3.42729;MQBZ=0;BQBZ=1.27656;SCBZ=0;MQ0F=0;AC=2;AN=2;DP4=52,0,4185,0;MQ=20	GT:PL	1/1:151,255,0
chr17	.	miRNA_primary_transcript	30117086	30117160	.	-	.	ID=MI0014226;Alias=MI0014226;Name=hsa-mir-3184	chr17	30117154	.	C	T	82.3752	PASS	DP=9431;VDB=0;SGB=-0.693147;RPBZ=8.70796;MQBZ=0;BQBZ=-0.345992;SCBZ=0;MQ0F=0;AC=2;AN=2;DP4=96,0,9335,0;MQ=20	GT:PL	1/1:109,255,0
chr17	.	miRNA_primary_transcript	42514188	42514307	.	+	.	ID=MI0017878;Alias=MI0017878;Name=hsa-mir-5010	chr17	42514230	.	C	T	25.3751	PASS	DP=25;VDB=1.30483e-15;SGB=-0.692352;RPBZ=3.31006;MQBZ=0;BQBZ=-0.787635;SCBZ=0;MQ0F=0;AC=2;AN=2;DP4=4,0,21,0;MQ=20	GT:PL	1/1:52,0,0
chr17	.	miRNA_primary_transcript	42514188	42514307	.	+	.	ID=MI0017878;Alias=MI0017878;Name=hsa-mir-5010	chr17	42514289	.	A	T	23.3093	PASS	DP=26;VDB=3.97124e-13;SGB=-0.692067;RPBZ=-0.439587;MQBZ=0;BQBZ=-1.79577;SCBZ=0;MQ0F=0;AC=1;AN=2;DP4=6,0,20,0;MQ=20	GT:PL	0/1:57,0,17
chr17	.	miRNA_primary_transcript	48037161	48037247	.	-	.	ID=MI0000462;Alias=MI0000462;Name=hsa-mir-152	chr17	48037172	.	G	T	93.2218	PASS	DP=218;VDB=0;SGB=-0.693147;RPBZ=-5.90486;MQBZ=0;BQBZ=2.19301;SCBZ=0;MQ0F=0;AC=2;AN=2;DP4=0,11,0,207;MQ=20	GT:PL	1/1:120,255,0
chr17	.	miRNA_primary_transcript	58331232	58331318	.	-	.	ID=MI0000458;Alias=MI0000458;Name=hsa-mir-142	chr17	58331306	.	T	G	25.3943	PASS	DP=28;VDB=2.7432e-08;SGB=-0.683931;RPBZ=1.07417;MQBZ=0;BQBZ=-0.237102;SCBZ=0;MQ0F=0;AC=1;AN=2;DP4=0,15,0,13;MQ=20	GT:PL	0/1:58,0,62
chr17	.	miRNA_primary_transcript	59151136	59151221	.	-	.	ID=MI0000745;Alias=MI0000745;Name=hsa-mir-301a	chr17	59151148	.	T	A	24.4187	PASS	DP=223;VDB=0;SGB=-0.693147;RPBZ=-11.265;MQBZ=0;BQBZ=1.47055;SCBZ=0;MQ0F=0;AC=1;AN=2;DP4=0,110,0,113;MQ=20	GT:PL	0/1:57,0,55
chr17	.	miRNA_primary_transcript	74748613	74748699	.	+	.	ID=MI0016005;Alias=MI0016005;Name=hsa-mir-3615	chr17	74748686	.	G	T	75.9811	PASS	DP=470;VDB=0;SGB=-0.693147;RPBZ=10.7726;MQBZ=0;BQBZ=0.761003;SCBZ=0;MQ0F=0;AC=2;AN=2;DP4=45,0,425,0;MQ=20	GT:PL	1/1:103,255,0
chr17	.	miRNA_primary_transcript	74748613	74748699	.	+	.	ID=MI0016005;Alias=MI0016005;Name=hsa-mir-3615	chr17	74748687	.	G	T	26.0781	PASS	DP=12;VDB=8.4981e-07;SGB=-0.670168;RPBZ=-0.447214;MQBZ=0;BQBZ=-0.221108;SCBZ=0;MQ0F=0;AC=1;AN=2;DP4=2,0,10,0;MQ=20	GT:PL	0/1:57,0,6
chr18	.	miRNA_primary_transcript	21683518	21683589	.	+	.	ID=MI0003778;Alias=MI0003778;Name=hsa-mir-320c-1	chr18	21683578	.	T	A	30.3788	PASS	DP=16;VDB=3.45393e-07;SGB=-0.680642;RPBZ=0.333779;MQBZ=0;BQBZ=1.03322;SCBZ=0;MQ0F=0;AC=1;AN=2;DP4=4,0,12,0;MQ=20	GT:PL	0/1:64,0,20
chr18	.	miRNA_primary_transcript	21683518	21683589	.	+	.	ID=MI0003778;Alias=MI0003778;Name=hsa-mir-320c-1	chr18	21683578	.	T	A	30.3788	PASS	DP=16;VDB=3.45393e-07;SGB=-0.680642;RPBZ=0.333779;MQBZ=0;BQBZ=1.03322;SCBZ=0;MQ0F=0;AC=1;AN=2;DP4=4,0,12,0;MQ=20	GT:PL	0/1:64,0,20
chr18	.	miRNA	21683559	21683578	.	+	.	ID=MIMAT0005793;Alias=MIMAT0005793;Name=hsa-miR-320c;Derives_from=MI0003778	chr18	21683578	.	T	A	30.3788	PASS	DP=16;VDB=3.45393e-07;SGB=-0.680642;RPBZ=0.333779;MQBZ=0;BQBZ=1.03322;SCBZ=0;MQ0F=0;AC=1;AN=2;DP4=4,0,12,0;MQ=20	GT:PL	0/1:64,0,20
chr18	.	miRNA	21683559	21683578	.	+	.	ID=MIMAT0005793;Alias=MIMAT0005793;Name=hsa-miR-320c;Derives_from=MI0003778	chr18	21683578	.	T	A	30.3788	PASS	DP=16;VDB=3.45393e-07;SGB=-0.680642;RPBZ=0.333779;MQBZ=0;BQBZ=1.03322;SCBZ=0;MQ0F=0;AC=1;AN=2;DP4=4,0,12,0;MQ=20	GT:PL	0/1:64,0,20
chr18	.	miRNA_primary_transcript	24321675	24321746	.	+	.	ID=MI0008191;Alias=MI0008191;Name=hsa-mir-320c-2	chr18	24321735	.	T	A	31.2423	PASS	DP=17;VDB=6.31291e-07;SGB=-0.686358;RPBZ=-0.886078;MQBZ=0;BQBZ=0.156476;SCBZ=0;MQ0F=0;AC=1;AN=2;DP4=3,0,14,0;MQ=20	GT:PL	0/1:61,0,4
chr18	.	miRNA_primary_transcript	24321675	24321746	.	+	.	ID=MI0008191;Alias=MI0008191;Name=hsa-mir-320c-2	chr18	24321735	.	T	A	31.2423	PASS	DP=17;VDB=6.31291e-07;SGB=-0.686358;RPBZ=-0.886078;MQBZ=0;BQBZ=0.156476;SCBZ=0;MQ0F=0;AC=1;AN=2;DP4=3,0,14,0;MQ=20	GT:PL	0/1:61,0,4
chr18	.	miRNA	24321716	24321735	.	+	.	ID=MIMAT0005793_1;Alias=MIMAT0005793;Name=hsa-miR-320c;Derives_from=MI0008191	chr18	24321735	.	T	A	31.2423	PASS	DP=17;VDB=6.31291e-07;SGB=-0.686358;RPBZ=-0.886078;MQBZ=0;BQBZ=0.156476;SCBZ=0;MQ0F=0;AC=1;AN=2;DP4=3,0,14,0;MQ=20	GT:PL	0/1:61,0,4
chr18	.	miRNA	24321716	24321735	.	+	.	ID=MIMAT0005793_1;Alias=MIMAT0005793;Name=hsa-miR-320c;Derives_from=MI0008191	chr18	24321735	.	T	A	31.2423	PASS	DP=17;VDB=6.31291e-07;SGB=-0.686358;RPBZ=-0.886078;MQBZ=0;BQBZ=0.156476;SCBZ=0;MQ0F=0;AC=1;AN=2;DP4=3,0,14,0;MQ=20	GT:PL	0/1:61,0,4
chr19	.	miRNA_primary_transcript	10817426	10817496	.	-	.	ID=MI0000242;Alias=MI0000242;Name=hsa-mir-199a-1	chr19	10817428	.	C	A,T	70.8231	PASS	DP=1299;VDB=0;SGB=-0.693147;RPBZ=-1.83738;MQBZ=0;BQBZ=1.1054;SCBZ=0;MQ0F=0;AC=1,1;AN=2;DP4=0,7,0,1292;MQ=20	GT:PL	1/2:130,255,52,255,0,63
chr19	.	miRNA_primary_transcript	10817426	10817496	.	-	.	ID=MI0000242;Alias=MI0000242;Name=hsa-mir-199a-1	chr19	10817468	.	T	A	76.8292	PASS	DP=818;VDB=0;SGB=-0.693147;RPBZ=-0.975349;MQBZ=0;BQBZ=0.298761;SCBZ=0;MQ0F=0;AC=2;AN=2;DP4=0,114,0,704;MQ=20	GT:PL	1/1:104,255,0
chr19	.	miRNA_primary_transcript	13836440	13836517	.	-	.	ID=MI0000085;Alias=MI0000085;Name=hsa-mir-27a	chr19	13836445	.	G	A	24.2985	PASS	DP=12;VDB=6.71664e-05;SGB=-0.636426;RPBZ=0;MQBZ=0;BQBZ=0.959238;SCBZ=0;MQ0F=0;AC=1;AN=2;DP4=0,5,0,7;MQ=20	GT:PL	0/1:57,0,42
chr19	.	miRNA_primary_transcript	13836440	13836517	.	-	.	ID=MI0000085;Alias=MI0000085;Name=hsa-mir-27a	chr19	13836446	.	G	A	82.2289	PASS	DP=511;VDB=0;SGB=-0.693147;RPBZ=-9.56595;MQBZ=0;BQBZ=0.435084;SCBZ=0;MQ0F=0;AC=2;AN=2;DP4=0,21,0,490;MQ=20	GT:PL	1/1:109,255,0
chr19	.	miRNA_primary_transcript	13836587	13836659	.	-	.	ID=MI0000079;Alias=MI0000079;Name=hsa-mir-23a	chr19	13836592	.	G	A	58.6786	PASS	DP=258;VDB=0;SGB=-0.693147;RPBZ=-12.6275;MQBZ=0;BQBZ=1.48572;SCBZ=0;MQ0F=0;AC=2;AN=2;DP4=0,41,0,217;MQ=20	GT:PL	1/1:86,210,0
chr19	.	miRNA_primary_transcript	13874699	13874808	.	+	.	ID=MI0000271;Alias=MI0000271;Name=hsa-mir-181c	chr19	13874749	.	G	T	15.4766	PASS	DP=34;VDB=1.30483e-15;SGB=-0.693054;RPBZ=4.53137;MQBZ=0;BQBZ=-1.34524;SCBZ=0;MQ0F=0;AC=2;AN=2;DP4=6,0,28,0;MQ=20	GT:PL	1/1:42,0,0
chr19	.	miRNA_primary_transcript	45638994	45639087	.	-	.	ID=MI0000803;Alias=MI0000803;Name=hsa-mir-330	chr19	45639047	.	G	A	44.0671	PASS	DP=14;VDB=2.26006e-08;SGB=-0.683931;RPBZ=0;MQBZ=0;BQBZ=-0.517769;SCBZ=0;MQ0F=0;AC=2;AN=2;DP4=0,1,0,13;MQ=20	GT:PL	1/1:71,17,0
chr19	.	miRNA_primary_transcript	49500785	49500868	.	-	.	ID=MI0000479;Alias=MI0000479;Name=hsa-mir-150	chr19	49500831	.	G	T	38.2376	PASS	DP=181;VDB=0;SGB=-0.693147;RPBZ=-6.83024;MQBZ=0;BQBZ=-0.263658;SCBZ=0;MQ0F=0;AC=2;AN=2;DP4=0,5,0,176;MQ=20	GT:PL	1/1:65,247,0
chr19	.	miRNA_primary_transcript	51692612	51692681	.	+	.	ID=MI0000746;Alias=MI0000746;Name=hsa-mir-99b	chr19	51692640	.	G	A,T	65.0177	PASS	DP=760;VDB=0;SGB=-0.693147;RPBZ=-0.0813788;MQBZ=0;BQBZ=-2.45738;SCBZ=0;MQ0F=0;AC=1,1;AN=2;DP4=5,0,755,0;MQ=20	GT:PL	1/2:124,255,45,255,0,59
chr19	.	miRNA_primary_transcript	51692786	51692864	.	+	.	ID=MI0000066;Alias=MI0000066;Name=hsa-let-7e	chr19	51692815	.	G	T	35.7236	PASS	DP=1472;VDB=0;SGB=-0.693147;RPBZ=4.10793;MQBZ=0;BQBZ=2.59701;SCBZ=0;MQ0F=0;AC=2;AN=2;DP4=189,0,1283,0;MQ=20	GT:PL	1/1:63,154,0
chr19	.	miRNA_primary_transcript	51693254	51693339	.	+	.	ID=MI0000469;Alias=MI0000469;Name=hsa-mir-125a	chr19	51693292	.	G	A	92.3793	PASS	DP=399;VDB=0;SGB=-0.693147;RPBZ=14.0711;MQBZ=0;BQBZ=-1.14021;SCBZ=0;MQ0F=0;AC=2;AN=2;DP4=4,0,395,0;MQ=20	GT:PL	1/1:119,255,0
chr2	.	miRNA_primary_transcript	25328640	25328721	.	-	.	ID=MI0003815;Alias=MI0003815;Name=hsa-mir-1301	chr2	25328649	.	G	A	52.274	PASS	DP=30;VDB=4.41992e-15;SGB=-0.693079;RPBZ=-1.9886;MQBZ=0;BQBZ=-0.594307;SCBZ=0;MQ0F=0;AC=2;AN=2;DP4=0,1,0,29;MQ=20	GT:PL	1/1:79,64,0
chr2	.	miRNA_primary_transcript	25328640	25328721	.	-	.	ID=MI0003815;Alias=MI0003815;Name=hsa-mir-1301	chr2	25328650	.	T	A	17.4164	PASS	DP=144;VDB=0;SGB=-0.693147;RPBZ=-7.32859;MQBZ=0;BQBZ=4.93255;SCBZ=0;MQ0F=0;AC=1;AN=2;DP4=0,63,0,81;MQ=20	GT:PL	0/1:50,0,39
chr2	.	miRNA_primary_transcript	64340747	64340848	.	-	.	ID=MI0025511;Alias=MI0025511;Name=hsa-mir-4433b	chr2	64340782	.	C	G	98.3744	PASS	DP=85;VDB=6.38193e-41;SGB=-0.693147;RPBZ=1.88302;MQBZ=0;MQSBZ=0;BQBZ=-2.9009;SCBZ=0;MQ0F=0;AC=2;AN=2;DP4=1,0,1,83;MQ=20	GT:PL	1/1:125,234,0
chr2	.	miRNA_primary_transcript	64340747	64340848	.	-	.	ID=MI0025511;Alias=MI0025511;Name=hsa-mir-4433b	chr2	64340782	.	C	G	98.3744	PASS	DP=85;VDB=6.38193e-41;SGB=-0.693147;RPBZ=1.88302;MQBZ=0;MQSBZ=0;BQBZ=-2.9009;SCBZ=0;MQ0F=0;AC=2;AN=2;DP4=1,0,1,83;MQ=20	GT:PL	1/1:125,234,0
chr2	.	miRNA_primary_transcript	64340747	64340848	.	-	.	ID=MI0025511;Alias=MI0025511;Name=hsa-mir-4433b	chr2	64340782	.	C	G	98.3744	PASS	DP=85;VDB=6.38193e-41;SGB=-0.693147;RPBZ=1.88302;MQBZ=0;MQSBZ=0;BQBZ=-2.9009;SCBZ=0;MQ0F=0;AC=2;AN=2;DP4=1,0,1,83;MQ=20	GT:PL	1/1:125,234,0
chr2	.	miRNA_primary_transcript	64340747	64340848	.	-	.	ID=MI0025511;Alias=MI0025511;Name=hsa-mir-4433b	chr2	64340782	.	C	G	98.3744	PASS	DP=85;VDB=6.38193e-41;SGB=-0.693147;RPBZ=1.88302;MQBZ=0;MQSBZ=0;BQBZ=-2.9009;SCBZ=0;MQ0F=0;AC=2;AN=2;DP4=1,0,1,83;MQ=20	GT:PL	1/1:125,234,0
chr2	.	miRNA	64340769	64340789	.	-	.	ID=MIMAT0030414;Alias=MIMAT0030414;Name=hsa-miR-4433b-3p;Derives_from=MI0025511	chr2	64340782	.	C	G	98.3744	PASS	DP=85;VDB=6.38193e-41;SGB=-0.693147;RPBZ=1.88302;MQBZ=0;MQSBZ=0;BQBZ=-2.9009;SCBZ=0;MQ0F=0;AC=2;AN=2;DP4=1,0,1,83;MQ=20	GT:PL	1/1:125,234,0
chr2	.	miRNA	64340769	64340789	.	-	.	ID=MIMAT0030414;Alias=MIMAT0030414;Name=hsa-miR-4433b-3p;Derives_from=MI0025511	chr2	64340782	.	C	G	98.3744	PASS	DP=85;VDB=6.38193e-41;SGB=-0.693147;RPBZ=1.88302;MQBZ=0;MQSBZ=0;BQBZ=-2.9009;SCBZ=0;MQ0F=0;AC=2;AN=2;DP4=1,0,1,83;MQ=20	GT:PL	1/1:125,234,0
chr2	.	miRNA	64340769	64340789	.	-	.	ID=MIMAT0030414;Alias=MIMAT0030414;Name=hsa-miR-4433b-3p;Derives_from=MI0025511	chr2	64340782	.	C	G	98.3744	PASS	DP=85;VDB=6.38193e-41;SGB=-0.693147;RPBZ=1.88302;MQBZ=0;MQSBZ=0;BQBZ=-2.9009;SCBZ=0;MQ0F=0;AC=2;AN=2;DP4=1,0,1,83;MQ=20	GT:PL	1/1:125,234,0
chr2	.	miRNA	64340769	64340789	.	-	.	ID=MIMAT0030414;Alias=MIMAT0030414;Name=hsa-miR-4433b-3p;Derives_from=MI0025511	chr2	64340782	.	C	G	98.3744	PASS	DP=85;VDB=6.38193e-41;SGB=-0.693147;RPBZ=1.88302;MQBZ=0;MQSBZ=0;BQBZ=-2.9009;SCBZ=0;MQ0F=0;AC=2;AN=2;DP4=1,0,1,83;MQ=20	GT:PL	1/1:125,234,0
chr2	.	miRNA_primary_transcript	64340759	64340839	.	+	.	ID=MI0016773;Alias=MI0016773;Name=hsa-mir-4433a	chr2	64340782	.	C	G	98.3744	PASS	DP=85;VDB=6.38193e-41;SGB=-0.693147;RPBZ=1.88302;MQBZ=0;MQSBZ=0;BQBZ=-2.9009;SCBZ=0;MQ0F=0;AC=2;AN=2;DP4=1,0,1,83;MQ=20	GT:PL	1/1:125,234,0
chr2	.	miRNA_primary_transcript	64340759	64340839	.	+	.	ID=MI0016773;Alias=MI0016773;Name=hsa-mir-4433a	chr2	64340782	.	C	G	98.3744	PASS	DP=85;VDB=6.38193e-41;SGB=-0.693147;RPBZ=1.88302;MQBZ=0;MQSBZ=0;BQBZ=-2.9009;SCBZ=0;MQ0F=0;AC=2;AN=2;DP4=1,0,1,83;MQ=20	GT:PL	1/1:125,234,0
chr2	.	miRNA_primary_transcript	64340759	64340839	.	+	.	ID=MI0016773;Alias=MI0016773;Name=hsa-mir-4433a	chr2	64340782	.	C	G	98.3744	PASS	DP=85;VDB=6.38193e-41;SGB=-0.693147;RPBZ=1.88302;MQBZ=0;MQSBZ=0;BQBZ=-2.9009;SCBZ=0;MQ0F=0;AC=2;AN=2;DP4=1,0,1,83;MQ=20	GT:PL	1/1:125,234,0
chr2	.	miRNA_primary_transcript	64340759	64340839	.	+	.	ID=MI0016773;Alias=MI0016773;Name=hsa-mir-4433a	chr2	64340782	.	C	G	98.3744	PASS	DP=85;VDB=6.38193e-41;SGB=-0.693147;RPBZ=1.88302;MQBZ=0;MQSBZ=0;BQBZ=-2.9009;SCBZ=0;MQ0F=0;AC=2;AN=2;DP4=1,0,1,83;MQ=20	GT:PL	1/1:125,234,0
chr2	.	miRNA	64340770	64340790	.	+	.	ID=MIMAT0020956;Alias=MIMAT0020956;Name=hsa-miR-4433a-5p;Derives_from=MI0016773	chr2	64340782	.	C	G	98.3744	PASS	DP=85;VDB=6.38193e-41;SGB=-0.693147;RPBZ=1.88302;MQBZ=0;MQSBZ=0;BQBZ=-2.9009;SCBZ=0;MQ0F=0;AC=2;AN=2;DP4=1,0,1,83;MQ=20	GT:PL	1/1:125,234,0
chr2	.	miRNA	64340770	64340790	.	+	.	ID=MIMAT0020956;Alias=MIMAT0020956;Name=hsa-miR-4433a-5p;Derives_from=MI0016773	chr2	64340782	.	C	G	98.3744	PASS	DP=85;VDB=6.38193e-41;SGB=-0.693147;RPBZ=1.88302;MQBZ=0;MQSBZ=0;BQBZ=-2.9009;SCBZ=0;MQ0F=0;AC=2;AN=2;DP4=1,0,1,83;MQ=20	GT:PL	1/1:125,234,0
chr2	.	miRNA	64340770	64340790	.	+	.	ID=MIMAT0020956;Alias=MIMAT0020956;Name=hsa-miR-4433a-5p;Derives_from=MI0016773	chr2	64340782	.	C	G	98.3744	PASS	DP=85;VDB=6.38193e-41;SGB=-0.693147;RPBZ=1.88302;MQBZ=0;MQSBZ=0;BQBZ=-2.9009;SCBZ=0;MQ0F=0;AC=2;AN=2;DP4=1,0,1,83;MQ=20	GT:PL	1/1:125,234,0
chr2	.	miRNA	64340770	64340790	.	+	.	ID=MIMAT0020956;Alias=MIMAT0020956;Name=hsa-miR-4433a-5p;Derives_from=MI0016773	chr2	64340782	.	C	G	98.3744	PASS	DP=85;VDB=6.38193e-41;SGB=-0.693147;RPBZ=1.88302;MQBZ=0;MQSBZ=0;BQBZ=-2.9009;SCBZ=0;MQ0F=0;AC=2;AN=2;DP4=1,0,1,83;MQ=20	GT:PL	1/1:125,234,0
chr2	.	miRNA_primary_transcript	87629755	87629834	.	+	.	ID=MI0016775;Alias=MI0016775;Name=hsa-mir-4435-1	chr2	87629786	.	G	T	33.5254	PASS	DP=13;VDB=2.26006e-08;SGB=-0.676189;RPBZ=3.4641;MQBZ=0;BQBZ=0.414609;SCBZ=0;MQ0F=0;AC=2;AN=2;DP4=2,0,11,0;MQ=20	GT:PL	1/1:61,0,1
chr2	.	miRNA_primary_transcript	111321013	111321086	.	-	.	ID=MI0016777;Alias=MI0016777;Name=hsa-mir-4435-2	chr2	111321060	.	C	A	33.5254	PASS	DP=13;VDB=2.26006e-08;SGB=-0.676189;RPBZ=-3.4641;MQBZ=0;BQBZ=0.414609;SCBZ=0;MQ0F=0;AC=2;AN=2;DP4=0,2,0,11;MQ=20	GT:PL	1/1:61,0,1
chr2	.	miRNA_primary_transcript	176150303	176150412	.	+	.	ID=MI0000267;Alias=MI0000267;Name=hsa-mir-10b	chr2	176150352	.	T	A	25.4103	PASS	DP=17;VDB=3.93185e-08;SGB=-0.686358;RPBZ=1.21558;MQBZ=0;BQBZ=-0.655329;SCBZ=0;MQ0F=0;AC=1;AN=2;DP4=3,0,14,0;MQ=20	GT:PL	0/1:58,0,10
chr2	.	miRNA_primary_transcript	218402646	218402722	.	+	.	ID=MI0000084;Alias=MI0000084;Name=hsa-mir-26b	chr2	218402679	.	G	T	48.4509	PASS	DP=4686;VDB=0;SGB=-0.693147;RPBZ=12.1079;MQBZ=0;BQBZ=1.15477;SCBZ=0;MQ0F=0;AC=2;AN=2;DP4=139,0,4547,0;MQ=20	GT:PL	1/1:95,255,20
chr2	.	miRNA_primary_transcript	218402646	218402722	.	+	.	ID=MI0000084;Alias=MI0000084;Name=hsa-mir-26b	chr2	218402714	.	G	T	70.3973	PASS	DP=130;VDB=0;SGB=-0.693147;RPBZ=11.3578;MQBZ=0;BQBZ=1.25539;SCBZ=0;MQ0F=0;AC=2;AN=2;DP4=1,0,129,0;MQ=20	GT:PL	1/1:97,255,0
chr20	.	miRNA_primary_transcript	3917494	3917571	.	+	.	ID=MI0000108;Alias=MI0000108;Name=hsa-mir-103a-2	chr20	3917564	.	A	T	67.6076	PASS	DP=2768;VDB=0;SGB=-0.693147;RPBZ=10.1599;MQBZ=0;BQBZ=3.92961;SCBZ=0;MQ0F=0;AC=2;AN=2;DP4=523,0,2245,0;MQ=20	GT:PL	1/1:95,214,0
chr20	.	miRNA_primary_transcript	3917494	3917571	.	+	.	ID=MI0000108;Alias=MI0000108;Name=hsa-mir-103a-2	chr20	3917565	.	A	T	19.4019	PASS	DP=176;VDB=0;SGB=-0.693147;RPBZ=3.47443;MQBZ=0;BQBZ=2.89885;SCBZ=0;MQ0F=0;AC=1;AN=2;DP4=77,0,99,0;MQ=20	GT:PL	0/1:52,0,40
chr20	.	miRNA_primary_transcript	63919449	63919520	.	+	.	ID=MI0005763;Alias=MI0005763;Name=hsa-mir-941-1	chr20	63919518	.	C	T	60.3352	PASS	DP=94;VDB=0;SGB=-0.693147;RPBZ=0;MQBZ=0;BQBZ=-0.908836;SCBZ=0;MQ0F=0;AC=2;AN=2;DP4=2,0,92,0;MQ=20	GT:PL	1/1:87,235,0
chr20	.	miRNA_primary_transcript	63919449	63919520	.	+	.	ID=MI0005763;Alias=MI0005763;Name=hsa-mir-941-1	chr20	63919518	.	C	T	60.3352	PASS	DP=94;VDB=0;SGB=-0.693147;RPBZ=0;MQBZ=0;BQBZ=-0.908836;SCBZ=0;MQ0F=0;AC=2;AN=2;DP4=2,0,92,0;MQ=20	GT:PL	1/1:87,235,0
chr20	.	miRNA_primary_transcript	63919505	63919576	.	+	.	ID=MI0005764;Alias=MI0005764;Name=hsa-mir-941-2	chr20	63919518	.	C	T	60.3352	PASS	DP=94;VDB=0;SGB=-0.693147;RPBZ=0;MQBZ=0;BQBZ=-0.908836;SCBZ=0;MQ0F=0;AC=2;AN=2;DP4=2,0,92,0;MQ=20	GT:PL	1/1:87,235,0
chr20	.	miRNA_primary_transcript	63919505	63919576	.	+	.	ID=MI0005764;Alias=MI0005764;Name=hsa-mir-941-2	chr20	63919518	.	C	T	60.3352	PASS	DP=94;VDB=0;SGB=-0.693147;RPBZ=0;MQBZ=0;BQBZ=-0.908836;SCBZ=0;MQ0F=0;AC=2;AN=2;DP4=2,0,92,0;MQ=20	GT:PL	1/1:87,235,0
chr20	.	miRNA_primary_transcript	63919505	63919576	.	+	.	ID=MI0005764;Alias=MI0005764;Name=hsa-mir-941-2	chr20	63919574	.	C	T	60.3352	PASS	DP=94;VDB=0;SGB=-0.693147;RPBZ=0;MQBZ=0;BQBZ=-0.908836;SCBZ=0;MQ0F=0;AC=2;AN=2;DP4=2,0,92,0;MQ=20	GT:PL	1/1:87,235,0
chr20	.	miRNA_primary_transcript	63919505	63919576	.	+	.	ID=MI0005764;Alias=MI0005764;Name=hsa-mir-941-2	chr20	63919574	.	C	T	60.3352	PASS	DP=94;VDB=0;SGB=-0.693147;RPBZ=0;MQBZ=0;BQBZ=-0.908836;SCBZ=0;MQ0F=0;AC=2;AN=2;DP4=2,0,92,0;MQ=20	GT:PL	1/1:87,235,0
chr20	.	miRNA_primary_transcript	63919561	63919632	.	+	.	ID=MI0005765;Alias=MI0005765;Name=hsa-mir-941-3	chr20	63919574	.	C	T	60.3352	PASS	DP=94;VDB=0;SGB=-0.693147;RPBZ=0;MQBZ=0;BQBZ=-0.908836;SCBZ=0;MQ0F=0;AC=2;AN=2;DP4=2,0,92,0;MQ=20	GT:PL	1/1:87,235,0
chr20	.	miRNA_primary_transcript	63919561	63919632	.	+	.	ID=MI0005765;Alias=MI0005765;Name=hsa-mir-941-3	chr20	63919574	.	C	T	60.3352	PASS	DP=94;VDB=0;SGB=-0.693147;RPBZ=0;MQBZ=0;BQBZ=-0.908836;SCBZ=0;MQ0F=0;AC=2;AN=2;DP4=2,0,92,0;MQ=20	GT:PL	1/1:87,235,0
chr20	.	miRNA_primary_transcript	63919561	63919632	.	+	.	ID=MI0005765;Alias=MI0005765;Name=hsa-mir-941-3	chr20	63919630	.	C	T	60.3352	PASS	DP=94;VDB=0;SGB=-0.693147;RPBZ=0;MQBZ=0;BQBZ=-0.908836;SCBZ=0;MQ0F=0;AC=2;AN=2;DP4=2,0,92,0;MQ=20	GT:PL	1/1:87,235,0
chr20	.	miRNA_primary_transcript	63919756	63919827	.	+	.	ID=MI0005766;Alias=MI0005766;Name=hsa-mir-941-4	chr20	63919769	.	C	T	60.3352	PASS	DP=94;VDB=0;SGB=-0.693147;RPBZ=0;MQBZ=0;BQBZ=-0.908836;SCBZ=0;MQ0F=0;AC=2;AN=2;DP4=2,0,92,0;MQ=20	GT:PL	1/1:87,235,0
chr20	.	miRNA_primary_transcript	63919756	63919827	.	+	.	ID=MI0005766;Alias=MI0005766;Name=hsa-mir-941-4	chr20	63919825	.	C	T	60.3352	PASS	DP=94;VDB=0;SGB=-0.693147;RPBZ=0;MQBZ=0;BQBZ=-0.908836;SCBZ=0;MQ0F=0;AC=2;AN=2;DP4=2,0,92,0;MQ=20	GT:PL	1/1:87,235,0
chr20	.	miRNA_primary_transcript	63919868	63919939	.	+	.	ID=MI0031520;Alias=MI0031520;Name=hsa-mir-941-5	chr20	63919881	.	C	T	60.3352	PASS	DP=94;VDB=0;SGB=-0.693147;RPBZ=0;MQBZ=0;BQBZ=-0.908836;SCBZ=0;MQ0F=0;AC=2;AN=2;DP4=2,0,92,0;MQ=20	GT:PL	1/1:87,235,0
chr20	.	miRNA_primary_transcript	63919868	63919939	.	+	.	ID=MI0031520;Alias=MI0031520;Name=hsa-mir-941-5	chr20	63919937	.	C	T	60.3352	PASS	DP=94;VDB=0;SGB=-0.693147;RPBZ=0;MQBZ=0;BQBZ=-0.908836;SCBZ=0;MQ0F=0;AC=2;AN=2;DP4=2,0,92,0;MQ=20	GT:PL	1/1:87,235,0
chr21	.	miRNA_primary_transcript	16590237	16590325	.	+	.	ID=MI0000470;Alias=MI0000470;Name=hsa-mir-125b-2	chr21	16590275	.	G	A	53.1169	PASS	DP=14;VDB=2.26006e-08;SGB=-0.683931;RPBZ=0;MQBZ=0;BQBZ=-0.933037;SCBZ=0;MQ0F=0;AC=2;AN=2;DP4=1,0,13,0;MQ=20	GT:PL	1/1:80,22,0
chr21	.	miRNA_primary_transcript	16590237	16590325	.	+	.	ID=MI0000470;Alias=MI0000470;Name=hsa-mir-125b-2	chr21	16590312	.	C	T	17.4822	PASS	DP=12;VDB=0.000481013;SGB=-0.616816;RPBZ=2.32636;MQBZ=0;BQBZ=0.952676;SCBZ=0;MQ0F=0;AC=1;AN=2;DP4=6,0,6,0;MQ=20	GT:PL	0/1:50,0,50
chr22	.	miRNA_primary_transcript	20033139	20033220	.	+	.	ID=MI0000482;Alias=MI0000482;Name=hsa-mir-185	chr22	20033209	.	C	T,A	34.158	PASS	DP=36;VDB=1.37444e-18;SGB=-0.693127;RPBZ=1.49229;MQBZ=0;BQBZ=1.3682;SCBZ=0;MQ0F=0;AC=1,1;AN=2;DP4=3,0,33,0;MQ=20	GT:PL	1/2:93,62,38,55,0,56
chr22	.	miRNA_primary_transcript	20033139	20033220	.	+	.	ID=MI0000482;Alias=MI0000482;Name=hsa-mir-185	chr22	20033209	.	C	T,A	34.158	PASS	DP=36;VDB=1.37444e-18;SGB=-0.693127;RPBZ=1.49229;MQBZ=0;BQBZ=1.3682;SCBZ=0;MQ0F=0;AC=1,1;AN=2;DP4=3,0,33,0;MQ=20	GT:PL	1/2:93,62,38,55,0,56
chr22	.	miRNA	20033188	20033209	.	+	.	ID=MIMAT0004611;Alias=MIMAT0004611;Name=hsa-miR-185-3p;Derives_from=MI0000482	chr22	20033209	.	C	T,A	34.158	PASS	DP=36;VDB=1.37444e-18;SGB=-0.693127;RPBZ=1.49229;MQBZ=0;BQBZ=1.3682;SCBZ=0;MQ0F=0;AC=1,1;AN=2;DP4=3,0,33,0;MQ=20	GT:PL	1/2:93,62,38,55,0,56
chr22	.	miRNA	20033188	20033209	.	+	.	ID=MIMAT0004611;Alias=MIMAT0004611;Name=hsa-miR-185-3p;Derives_from=MI0000482	chr22	20033209	.	C	T,A	34.158	PASS	DP=36;VDB=1.37444e-18;SGB=-0.693127;RPBZ=1.49229;MQBZ=0;BQBZ=1.3682;SCBZ=0;MQ0F=0;AC=1,1;AN=2;DP4=3,0,33,0;MQ=20	GT:PL	1/2:93,62,38,55,0,56
chr22	.	miRNA_primary_transcript	20086058	20086142	.	+	.	ID=MI0006443;Alias=MI0006443;Name=hsa-mir-1306	chr22	20086094	.	G	T	30.0523	PASS	DP=10;VDB=4.54206e-05;SGB=-0.651104;RPBZ=0;MQBZ=0;BQBZ=1.03359;SCBZ=0;MQ0F=0;AC=1;AN=2;DP4=2,0,8,0;MQ=20	GT:PL	0/1:62,0,8
chr22	.	miRNA_primary_transcript	21653304	21653385	.	+	.	ID=MI0000748;Alias=MI0000748;Name=hsa-mir-130b	chr22	21653376	.	C	T	100.417	PASS	DP=917;VDB=0;SGB=-0.693147;RPBZ=-0.0572912;MQBZ=0;BQBZ=1.88203;SCBZ=0;MQ0F=0;AC=2;AN=2;DP4=3,0,914,0;MQ=20	GT:PL	1/1:127,255,0
chr22	.	miRNA_primary_transcript	46113686	46113768	.	+	.	ID=MI0000063;Alias=MI0000063;Name=hsa-let-7b	chr22	46113714	.	C	T	107.37	PASS	DP=1014;VDB=0;SGB=-0.693147;RPBZ=4.70186;MQBZ=0;BQBZ=-4.15681;SCBZ=0;MQ0F=0;AC=2;AN=2;DP4=13,0,1001,0;MQ=20	GT:PL	1/1:134,255,0
chr3	.	miRNA_primary_transcript	35744476	35744559	.	+	.	ID=MI0000727;Alias=MI0000727;Name=hsa-mir-128-2	chr3	35744548	.	C	A	18.8214	PASS	DP=127;VDB=0;SGB=-0.693147;RPBZ=1.40975;MQBZ=0;BQBZ=0.0859322;SCBZ=0;MQ0F=0;AC=2;AN=2;DP4=17,0,110,0;MQ=20	GT:PL	1/1:46,101,0
chr3	.	miRNA_primary_transcript	37969404	37969480	.	+	.	ID=MI0000083;Alias=MI0000083;Name=hsa-mir-26a-1	chr3	37969412	.	G	C	29.3908	PASS	DP=28;VDB=4.49525e-10;SGB=-0.688148;RPBZ=-5.0643;MQBZ=0;BQBZ=-0.830487;SCBZ=0;MQ0F=0;AC=1;AN=2;DP4=13,0,15,0;MQ=20	GT:PL	0/1:62,0,58
chr3	.	miRNA_primary_transcript	37969404	37969480	.	+	.	ID=MI0000083;Alias=MI0000083;Name=hsa-mir-26a-1	chr3	37969435	.	G	T	115.386	PASS	DP=8934;VDB=0;SGB=-0.693147;RPBZ=0.569126;MQBZ=0;BQBZ=2.67985;SCBZ=0;MQ0F=0;AC=2;AN=2;DP4=86,0,8848,0;MQ=20	GT:PL	1/1:142,255,0
chr3	.	miRNA_primary_transcript	49020148	49020234	.	-	.	ID=MI0001448;Alias=MI0001448;Name=hsa-mir-425	chr3	49020158	.	T	A	54.2641	PASS	DP=27;VDB=3.40982e-15;SGB=-0.692976;RPBZ=-2.18529;MQBZ=0;BQBZ=-0.584236;SCBZ=0;MQ0F=0;AC=2;AN=2;DP4=0,1,0,26;MQ=20	GT:PL	1/1:81,61,0
chr3	.	miRNA_primary_transcript	49020618	49020709	.	-	.	ID=MI0000465;Alias=MI0000465;Name=hsa-mir-191	chr3	49020670	.	A	T	20.1031	PASS	DP=798;VDB=0;SGB=-0.693147;RPBZ=-3.18015;MQBZ=0;BQBZ=-7.28126;SCBZ=0;MQ0F=0;AC=2;AN=2;DP4=0,252,0,546;MQ=20	GT:PL	1/1:48,27,0
chr3	.	miRNA_primary_transcript	52268278	52268361	.	-	.	ID=MI0000433;Alias=MI0000433;Name=hsa-let-7g	chr3	52268334	.	C	A	44.7769	PASS	DP=42;VDB=1.79279e-26;SGB=-0.693145;RPBZ=0.156174;MQBZ=0;BQBZ=2.61028;SCBZ=0;MQ0F=0;AC=2;AN=2;DP4=0,1,0,41;MQ=20	GT:PL	1/1:95,97,24
chr3	.	miRNA_primary_transcript	160404588	160404685	.	+	.	ID=MI0000438;Alias=MI0000438;Name=hsa-mir-15b	chr3	160404629	.	T	A	27.3437	PASS	DP=16;VDB=5.52906e-06;SGB=-0.662043;RPBZ=1.13389;MQBZ=0;BQBZ=-0.845154;SCBZ=0;MQ0F=0;AC=1;AN=2;DP4=7,0,9,0;MQ=20	GT:PL	0/1:60,0,50
chr3	.	miRNA_primary_transcript	160404745	160404825	.	+	.	ID=MI0000115;Alias=MI0000115;Name=hsa-mir-16-2	chr3	160404818	.	A	T	17.4599	PASS	DP=64;VDB=4.72803e-18;SGB=-0.693097;RPBZ=6.63308;MQBZ=0;BQBZ=4.13064;SCBZ=0;MQ0F=0;AC=1;AN=2;DP4=34,0,30,0;MQ=20	GT:PL	0/1:50,0,53
chr3	.	miRNA_primary_transcript	160404745	160404825	.	+	.	ID=MI0000115;Alias=MI0000115;Name=hsa-mir-16-2	chr3	160404818	.	A	T	17.4599	PASS	DP=64;VDB=4.72803e-18;SGB=-0.693097;RPBZ=6.63308;MQBZ=0;BQBZ=4.13064;SCBZ=0;MQ0F=0;AC=1;AN=2;DP4=34,0,30,0;MQ=20	GT:PL	0/1:50,0,53
chr3	.	miRNA	160404797	160404818	.	+	.	ID=MIMAT0004518;Alias=MIMAT0004518;Name=hsa-miR-16-2-3p;Derives_from=MI0000115	chr3	160404818	.	A	T	17.4599	PASS	DP=64;VDB=4.72803e-18;SGB=-0.693097;RPBZ=6.63308;MQBZ=0;BQBZ=4.13064;SCBZ=0;MQ0F=0;AC=1;AN=2;DP4=34,0,30,0;MQ=20	GT:PL	0/1:50,0,53
chr3	.	miRNA	160404797	160404818	.	+	.	ID=MIMAT0004518;Alias=MIMAT0004518;Name=hsa-miR-16-2-3p;Derives_from=MI0000115	chr3	160404818	.	A	T	17.4599	PASS	DP=64;VDB=4.72803e-18;SGB=-0.693097;RPBZ=6.63308;MQBZ=0;BQBZ=4.13064;SCBZ=0;MQ0F=0;AC=1;AN=2;DP4=34,0,30,0;MQ=20	GT:PL	0/1:50,0,53
chr3	.	miRNA_primary_transcript	188688781	188688866	.	+	.	ID=MI0000086;Alias=MI0000086;Name=hsa-mir-28	chr3	188688816	.	T	A	91.931	PASS	DP=542;VDB=0;SGB=-0.693147;RPBZ=7.88842;MQBZ=0;BQBZ=-1.58607;SCBZ=0;MQ0F=0;AC=2;AN=2;DP4=62,0,480,0;MQ=20	GT:PL	1/1:119,255,0
chr3	.	miRNA_primary_transcript	188688781	188688866	.	+	.	ID=MI0000086;Alias=MI0000086;Name=hsa-mir-28	chr3	188688856	.	G	A	48.6852	PASS	DP=8494;VDB=0;SGB=-0.693147;RPBZ=22.5264;MQBZ=0;BQBZ=12.4724;SCBZ=0;MQ0F=0;AC=2;AN=2;DP4=1172,0,7322,0;MQ=20	GT:PL	1/1:76,210,0
chr3	.	miRNA_primary_transcript	188688781	188688866	.	+	.	ID=MI0000086;Alias=MI0000086;Name=hsa-mir-28	chr3	188688857	.	G	T	74.3529	PASS	DP=485;VDB=0;SGB=-0.693147;RPBZ=-6.3726;MQBZ=0;BQBZ=1.44219;SCBZ=0;MQ0F=0;AC=2;AN=2;DP4=6,0,479,0;MQ=20	GT:PL	1/1:101,255,0
chr4	.	miRNA_primary_transcript	38868032	38868127	.	+	.	ID=MI0003581;Alias=MI0003581;Name=hsa-mir-574	chr4	38868114	.	C	A	27.7717	PASS	DP=18;VDB=2.26006e-08;SGB=-0.683931;RPBZ=3.5327;MQBZ=0;BQBZ=2.1253;SCBZ=0;MQ0F=0;AC=1;AN=2;DP4=5,0,13,0;MQ=20	GT:PL	0/1:61,0,30
chr5	.	miRNA_primary_transcript	93620696	93620788	.	-	.	ID=MI0011284;Alias=MI0011284;Name=hsa-mir-2277	chr5	93620747	.	T	A	55.1965	PASS	DP=19;VDB=1.29641e-11;SGB=-0.691153;RPBZ=-4.24264;MQBZ=0;BQBZ=1.77951;SCBZ=0;MQ0F=0;AC=2;AN=2;DP4=0,1,0,18;MQ=20	GT:PL	1/1:82,37,0
chr5	.	miRNA_primary_transcript	149062313	149062409	.	-	.	ID=MI0003591;Alias=MI0003591;Name=hsa-mir-584	chr5	149062373	.	C	A	50.9628	PASS	DP=1038;VDB=0;SGB=-0.693147;RPBZ=-19.9084;MQBZ=0;BQBZ=6.09258;SCBZ=0;MQ0F=0;AC=2;AN=2;DP4=0,85,0,953;MQ=20	GT:PL	1/1:78,239,0
chr5	.	miRNA_primary_transcript	149062313	149062409	.	-	.	ID=MI0003591;Alias=MI0003591;Name=hsa-mir-584	chr5	149062373	.	C	A	50.9628	PASS	DP=1038;VDB=0;SGB=-0.693147;RPBZ=-19.9084;MQBZ=0;BQBZ=6.09258;SCBZ=0;MQ0F=0;AC=2;AN=2;DP4=0,85,0,953;MQ=20	GT:PL	1/1:78,255,0
chr5	.	miRNA	149062373	149062394	.	-	.	ID=MIMAT0003249;Alias=MIMAT0003249;Name=hsa-miR-584-5p;Derives_from=MI0003591	chr5	149062373	.	C	A	50.9628	PASS	DP=1038;VDB=0;SGB=-0.693147;RPBZ=-19.9084;MQBZ=0;BQBZ=6.09258;SCBZ=0;MQ0F=0;AC=2;AN=2;DP4=0,85,0,953;MQ=20	GT:PL	1/1:78,239,0
chr5	.	miRNA	149062373	149062394	.	-	.	ID=MIMAT0003249;Alias=MIMAT0003249;Name=hsa-miR-584-5p;Derives_from=MI0003591	chr5	149062373	.	C	A	50.9628	PASS	DP=1038;VDB=0;SGB=-0.693147;RPBZ=-19.9084;MQBZ=0;BQBZ=6.09258;SCBZ=0;MQ0F=0;AC=2;AN=2;DP4=0,85,0,953;MQ=20	GT:PL	1/1:78,255,0
chr5	.	miRNA_primary_transcript	149428918	149429023	.	+	.	ID=MI0000459;Alias=MI0000459;Name=hsa-mir-143	chr5	149428999	.	A	T	19.3101	PASS	DP=4735;VDB=0;SGB=-0.693147;RPBZ=2.0149;MQBZ=0;BQBZ=17.8199;SCBZ=0;MQ0F=0;AC=1;AN=2;DP4=1741,0,2994,0;MQ=20	GT:PL	0/1:52,0,19
chr5	.	miRNA_primary_transcript	149732825	149732890	.	+	.	ID=MI0000786;Alias=MI0000786;Name=hsa-mir-378a	chr5	149732889	.	C	T	74.4039	PASS	DP=482;VDB=0;SGB=-0.693147;RPBZ=-0.614938;MQBZ=0;BQBZ=-0.249715;SCBZ=0;MQ0F=0;AC=2;AN=2;DP4=2,0,480,0;MQ=20	GT:PL	1/1:101,255,0
chr5	.	miRNA_primary_transcript	160485352	160485450	.	+	.	ID=MI0000477;Alias=MI0000477;Name=hsa-mir-146a	chr5	160485394	.	G	T	19.4047	PASS	DP=4387;VDB=0;SGB=-0.693147;RPBZ=12.7612;MQBZ=0;BQBZ=10.675;SCBZ=0;MQ0F=0;AC=1;AN=2;DP4=2227,0,2160,0;MQ=20	GT:PL	0/1:52,0,58
chr5	.	miRNA_primary_transcript	160485352	160485450	.	+	.	ID=MI0000477;Alias=MI0000477;Name=hsa-mir-146a	chr5	160485428	.	A	T	28.4004	PASS	DP=21;VDB=2.26006e-08;SGB=-0.676189;RPBZ=2.27519;MQBZ=0;BQBZ=1.67832;SCBZ=0;MQ0F=0;AC=1;AN=2;DP4=10,0,11,0;MQ=20	GT:PL	0/1:61,0,57
chr5	.	miRNA_primary_transcript	160485352	160485450	.	+	.	ID=MI0000477;Alias=MI0000477;Name=hsa-mir-146a	chr5	160485428	.	A	T	28.4004	PASS	DP=21;VDB=2.26006e-08;SGB=-0.676189;RPBZ=2.27519;MQBZ=0;BQBZ=1.67832;SCBZ=0;MQ0F=0;AC=1;AN=2;DP4=10,0,11,0;MQ=20	GT:PL	0/1:61,0,57
chr5	.	miRNA	160485408	160485429	.	+	.	ID=MIMAT0004608;Alias=MIMAT0004608;Name=hsa-miR-146a-3p;Derives_from=MI0000477	chr5	160485428	.	A	T	28.4004	PASS	DP=21;VDB=2.26006e-08;SGB=-0.676189;RPBZ=2.27519;MQBZ=0;BQBZ=1.67832;SCBZ=0;MQ0F=0;AC=1;AN=2;DP4=10,0,11,0;MQ=20	GT:PL	0/1:61,0,57
chr5	.	miRNA	160485408	160485429	.	+	.	ID=MIMAT0004608;Alias=MIMAT0004608;Name=hsa-miR-146a-3p;Derives_from=MI0000477	chr5	160485428	.	A	T	28.4004	PASS	DP=21;VDB=2.26006e-08;SGB=-0.676189;RPBZ=2.27519;MQBZ=0;BQBZ=1.67832;SCBZ=0;MQ0F=0;AC=1;AN=2;DP4=10,0,11,0;MQ=20	GT:PL	0/1:61,0,57
chr5	.	miRNA_primary_transcript	168560896	168560973	.	-	.	ID=MI0000109;Alias=MI0000109;Name=hsa-mir-103a-1	chr5	168560902	.	C	A	16.6689	PASS	DP=123;VDB=0;SGB=-0.693147;RPBZ=-2.86627;MQBZ=0;BQBZ=2.31631;SCBZ=0;MQ0F=0;AC=2;AN=2;DP4=0,24,0,99;MQ=20	GT:PL	1/1:44,73,0
chr5	.	miRNA_primary_transcript	168560896	168560973	.	-	.	ID=MI0000109;Alias=MI0000109;Name=hsa-mir-103a-1	chr5	168560903	.	T	A	54.6754	PASS	DP=2715;VDB=0;SGB=-0.693147;RPBZ=-7.18083;MQBZ=0;BQBZ=2.92744;SCBZ=0;MQ0F=0;AC=2;AN=2;DP4=0,472,0,2243;MQ=20	GT:PL	1/1:82,147,0
chr5	.	miRNA_primary_transcript	180015303	180015397	.	-	.	ID=MI0000802;Alias=MI0000802;Name=hsa-mir-340	chr5	180015360	.	C	A	24.8223	PASS	DP=54;VDB=7.62897e-29;SGB=-0.693147;RPBZ=-1.82003;MQBZ=0;BQBZ=-0.656871;SCBZ=0;MQ0F=0;AC=2;AN=2;DP4=0,4,0,50;MQ=20	GT:PL	1/1:77,74,26
chr6	.	miRNA_primary_transcript	71376960	71377031	.	-	.	ID=MI0000254;Alias=MI0000254;Name=hsa-mir-30c-2	chr6	71377001	.	C	A	103.16	PASS	DP=555;VDB=0;SGB=-0.693147;RPBZ=-18.7626;MQBZ=0;BQBZ=-0.838236;SCBZ=0;MQ0F=0;AC=2;AN=2;DP4=0,34,0,521;MQ=20	GT:PL	1/1:130,255,0
chr7	.	miRNA_primary_transcript	1022933	1023026	.	-	.	ID=MI0000815;Alias=MI0000815;Name=hsa-mir-339	chr7	1022954	.	C	A	63.3854	PASS	DP=109;VDB=0;SGB=-0.693147;RPBZ=0.261968;MQBZ=0;BQBZ=-0.739632;SCBZ=0;MQ0F=0;AC=2;AN=2;DP4=0,1,0,108;MQ=20	GT:PL	1/1:90,255,0
chr7	.	miRNA_primary_transcript	1022933	1023026	.	-	.	ID=MI0000815;Alias=MI0000815;Name=hsa-mir-339	chr7	1022989	.	A	T	25.2655	PASS	DP=44;VDB=1.30483e-15;SGB=-0.692976;RPBZ=-1.71932;MQBZ=0;BQBZ=-3.57942;SCBZ=0;MQ0F=0;AC=1;AN=2;DP4=0,18,0,26;MQ=20	GT:PL	0/1:58,0,50
chr7	.	miRNA_primary_transcript	27169480	27169563	.	-	.	ID=MI0001150;Alias=MI0001150;Name=hsa-mir-196b	chr7	27169525	.	G	A	45.0344	PASS	DP=10;VDB=5.52906e-06;SGB=-0.662043;RPBZ=0;MQBZ=0;BQBZ=2;SCBZ=0;MQ0F=0;AC=2;AN=2;DP4=0,1,0,9;MQ=20	GT:PL	1/1:72,10,0
chr7	.	miRNA_primary_transcript	92204015	92204098	.	-	.	ID=MI0006346;Alias=MI0006346;Name=hsa-mir-1285-1	chr7	92204025	.	T	A	21.2623	PASS	DP=10;VDB=0.000757573;SGB=-0.616816;RPBZ=-1.31762;MQBZ=0;BQBZ=-2.05396;SCBZ=0;MQ0F=0;AC=1;AN=2;DP4=0,4,0,6;MQ=20	GT:PL	0/1:54,0,36
chr7	.	miRNA_primary_transcript	100093560	100093643	.	-	.	ID=MI0000082;Alias=MI0000082;Name=hsa-mir-25	chr7	100093570	.	G	A,T	57.7264	PASS	DP=787;VDB=0;SGB=-0.693147;RPBZ=-4.13146;MQBZ=0;BQBZ=4.69818;SCBZ=0;MQ0F=0;AC=1,1;AN=2;DP4=0,28,0,759;MQ=20	GT:PL	1/2:117,255,59,255,0,53
chr7	.	miRNA_primary_transcript	100093993	100094074	.	-	.	ID=MI0000734;Alias=MI0000734;Name=hsa-mir-106b	chr7	100094000	.	G	A	43.9759	PASS	DP=19;VDB=1.29641e-11;SGB=-0.690438;RPBZ=-2.91548;MQBZ=0;BQBZ=1.15145;SCBZ=0;MQ0F=0;AC=2;AN=2;DP4=0,2,0,17;MQ=20	GT:PL	1/1:71,18,0
chr7	.	miRNA_primary_transcript	129770383	129770492	.	-	.	ID=MI0000272;Alias=MI0000272;Name=hsa-mir-182	chr7	129770443	.	C	A	42.9942	PASS	DP=21;VDB=2.33202e-11;SGB=-0.69168;RPBZ=-2.00069;MQBZ=0;BQBZ=-1.10198;SCBZ=0;MQ0F=0;AC=2;AN=2;DP4=0,2,0,19;MQ=20	GT:PL	1/1:70,22,0
chr7	.	miRNA_primary_transcript	129770383	129770492	.	-	.	ID=MI0000272;Alias=MI0000272;Name=hsa-mir-182	chr7	129770445	.	C	A	18.2937	PASS	DP=801;VDB=0;SGB=-0.693147;RPBZ=-10.4759;MQBZ=0;BQBZ=2.91819;SCBZ=0;MQ0F=0;AC=1;AN=2;DP4=0,292,0,509;MQ=20	GT:PL	0/1:51,0,22
chr7	.	miRNA_primary_transcript	130876747	130876810	.	-	.	ID=MI0000087;Alias=MI0000087;Name=hsa-mir-29a	chr7	130876747	.	A	T	21.424	PASS	DP=39;VDB=1.67003e-15;SGB=-0.692352;RPBZ=0.107069;MQBZ=0;BQBZ=-0.572921;SCBZ=0;MQ0F=0;AC=1;AN=2;DP4=0,18,0,21;MQ=20	GT:PL	0/1:54,0,57
chr7	.	miRNA_primary_transcript	151238421	151238538	.	+	.	ID=MI0003760;Alias=MI0003760;Name=hsa-mir-671	chr7	151238510	.	C	T	92.3656	PASS	DP=397;VDB=0;SGB=-0.693147;RPBZ=2.21588;MQBZ=0;BQBZ=-1.09511;SCBZ=0;MQ0F=0;AC=2;AN=2;DP4=5,0,392,0;MQ=20	GT:PL	1/1:119,255,0
chr8	.	miRNA_primary_transcript	22244966	22245037	.	-	.	ID=MI0000542;Alias=MI0000542;Name=hsa-mir-320a	chr8	22244972	.	T	A	62.7162	PASS	DP=233;VDB=0;SGB=-0.693147;RPBZ=-1.76083;MQBZ=0;BQBZ=8.69436;SCBZ=0;MQ0F=0;AC=2;AN=2;DP4=0,38,0,195;MQ=20	GT:PL	1/1:90,221,0
chr8	.	miRNA_primary_transcript	41660441	41660508	.	-	.	ID=MI0002470;Alias=MI0002470;Name=hsa-mir-486-1	chr8	41660442	.	T	A	17.1307	PASS	DP=55;VDB=3.75937e-20;SGB=-0.693139;RPBZ=0.495178;MQBZ=0;MQSBZ=0;BQBZ=3.64604;SCBZ=0;MQ0F=0;AC=1;AN=2;DP4=9,10,0,36;MQ=20	GT:PL	0/1:50,0,98
chr8	.	miRNA_primary_transcript	41660441	41660508	.	-	.	ID=MI0002470;Alias=MI0002470;Name=hsa-mir-486-1	chr8	41660466	.	C	T	78.3956	PASS	DP=44246;VDB=0;SGB=-0.693147;RPBZ=2.35676;MQBZ=0;BQBZ=17.4272;SCBZ=0;MQ0F=0;AC=2;AN=2;DP4=309,0,43937,0;MQ=20	GT:PL	1/1:105,255,0
chr8	.	miRNA_primary_transcript	41660441	41660508	.	-	.	ID=MI0002470;Alias=MI0002470;Name=hsa-mir-486-1	chr8	41660468	.	G	T	17.4559	PASS	DP=18;VDB=5.52906e-06;SGB=-0.662043;RPBZ=0;MQBZ=0;BQBZ=-1.51942;SCBZ=0;MQ0F=0;AC=1;AN=2;DP4=9,0,9,0;MQ=20	GT:PL	0/1:50,0,58
chr8	.	miRNA_primary_transcript	41660441	41660508	.	-	.	ID=MI0002470;Alias=MI0002470;Name=hsa-mir-486-1	chr8	41660483	.	C	A	92.3857	PASS	DP=39866;VDB=0;SGB=-0.693147;RPBZ=-6.01982;MQBZ=0;BQBZ=1.66491;SCBZ=0;MQ0F=0;AC=2;AN=2;DP4=0,294,0,39572;MQ=20	GT:PL	1/1:119,255,0
chr8	.	miRNA_primary_transcript	41660441	41660508	.	-	.	ID=MI0002470;Alias=MI0002470;Name=hsa-mir-486-1	chr8	41660507	.	G	T	51.3051	PASS	DP=37;VDB=3.75937e-20;SGB=-0.693139;RPBZ=0;MQBZ=0;BQBZ=-0.347728;SCBZ=0;MQ0F=0;AC=2;AN=2;DP4=1,0,36,0;MQ=20	GT:PL	1/1:78,85,0
chr8	.	miRNA_primary_transcript	41660441	41660508	.	-	.	ID=MI0002470;Alias=MI0002470;Name=hsa-mir-486-1	chr8	41660466	.	C	T	79.3956	PASS	DP=44246;VDB=0;SGB=-0.693147;RPBZ=2.35676;MQBZ=0;BQBZ=17.4272;SCBZ=0;MQ0F=0;AC=2;AN=2;DP4=309,0,43937,0;MQ=20	GT:PL	1/1:106,255,0
chr8	.	miRNA_primary_transcript	41660441	41660508	.	-	.	ID=MI0002470;Alias=MI0002470;Name=hsa-mir-486-1	chr8	41660468	.	G	T	17.4559	PASS	DP=18;VDB=5.52906e-06;SGB=-0.662043;RPBZ=0;MQBZ=0;BQBZ=-1.51942;SCBZ=0;MQ0F=0;AC=1;AN=2;DP4=9,0,9,0;MQ=20	GT:PL	0/1:50,0,58
chr8	.	miRNA_primary_transcript	41660441	41660508	.	-	.	ID=MI0002470;Alias=MI0002470;Name=hsa-mir-486-1	chr8	41660483	.	C	A	82.3856	PASS	DP=39866;VDB=0;SGB=-0.693147;RPBZ=-6.01982;MQBZ=0;BQBZ=1.66491;SCBZ=0;MQ0F=0;AC=2;AN=2;DP4=0,294,0,39572;MQ=20	GT:PL	1/1:109,255,0
chr8	.	miRNA_primary_transcript	41660441	41660508	.	-	.	ID=MI0002470;Alias=MI0002470;Name=hsa-mir-486-1	chr8	41660507	.	G	T	51.3051	PASS	DP=37;VDB=3.75937e-20;SGB=-0.693139;RPBZ=0;MQBZ=0;BQBZ=-0.347728;SCBZ=0;MQ0F=0;AC=2;AN=2;DP4=1,0,36,0;MQ=20	GT:PL	1/1:78,85,0
chr8	.	miRNA_primary_transcript	41660444	41660507	.	+	.	ID=MI0023622;Alias=MI0023622;Name=hsa-mir-486-2	chr8	41660466	.	C	T	78.3956	PASS	DP=44246;VDB=0;SGB=-0.693147;RPBZ=2.35676;MQBZ=0;BQBZ=17.4272;SCBZ=0;MQ0F=0;AC=2;AN=2;DP4=309,0,43937,0;MQ=20	GT:PL	1/1:105,255,0
chr8	.	miRNA_primary_transcript	41660444	41660507	.	+	.	ID=MI0023622;Alias=MI0023622;Name=hsa-mir-486-2	chr8	41660468	.	G	T	17.4559	PASS	DP=18;VDB=5.52906e-06;SGB=-0.662043;RPBZ=0;MQBZ=0;BQBZ=-1.51942;SCBZ=0;MQ0F=0;AC=1;AN=2;DP4=9,0,9,0;MQ=20	GT:PL	0/1:50,0,58
chr8	.	miRNA_primary_transcript	41660444	41660507	.	+	.	ID=MI0023622;Alias=MI0023622;Name=hsa-mir-486-2	chr8	41660483	.	C	A	92.3857	PASS	DP=39866;VDB=0;SGB=-0.693147;RPBZ=-6.01982;MQBZ=0;BQBZ=1.66491;SCBZ=0;MQ0F=0;AC=2;AN=2;DP4=0,294,0,39572;MQ=20	GT:PL	1/1:119,255,0
chr8	.	miRNA_primary_transcript	41660444	41660507	.	+	.	ID=MI0023622;Alias=MI0023622;Name=hsa-mir-486-2	chr8	41660507	.	G	T	51.3051	PASS	DP=37;VDB=3.75937e-20;SGB=-0.693139;RPBZ=0;MQBZ=0;BQBZ=-0.347728;SCBZ=0;MQ0F=0;AC=2;AN=2;DP4=1,0,36,0;MQ=20	GT:PL	1/1:78,85,0
chr8	.	miRNA_primary_transcript	41660444	41660507	.	+	.	ID=MI0023622;Alias=MI0023622;Name=hsa-mir-486-2	chr8	41660466	.	C	T	79.3956	PASS	DP=44246;VDB=0;SGB=-0.693147;RPBZ=2.35676;MQBZ=0;BQBZ=17.4272;SCBZ=0;MQ0F=0;AC=2;AN=2;DP4=309,0,43937,0;MQ=20	GT:PL	1/1:106,255,0
chr8	.	miRNA_primary_transcript	41660444	41660507	.	+	.	ID=MI0023622;Alias=MI0023622;Name=hsa-mir-486-2	chr8	41660468	.	G	T	17.4559	PASS	DP=18;VDB=5.52906e-06;SGB=-0.662043;RPBZ=0;MQBZ=0;BQBZ=-1.51942;SCBZ=0;MQ0F=0;AC=1;AN=2;DP4=9,0,9,0;MQ=20	GT:PL	0/1:50,0,58
chr8	.	miRNA_primary_transcript	41660444	41660507	.	+	.	ID=MI0023622;Alias=MI0023622;Name=hsa-mir-486-2	chr8	41660483	.	C	A	82.3856	PASS	DP=39866;VDB=0;SGB=-0.693147;RPBZ=-6.01982;MQBZ=0;BQBZ=1.66491;SCBZ=0;MQ0F=0;AC=2;AN=2;DP4=0,294,0,39572;MQ=20	GT:PL	1/1:109,255,0
chr8	.	miRNA_primary_transcript	41660444	41660507	.	+	.	ID=MI0023622;Alias=MI0023622;Name=hsa-mir-486-2	chr8	41660507	.	G	T	51.3051	PASS	DP=37;VDB=3.75937e-20;SGB=-0.693139;RPBZ=0;MQBZ=0;BQBZ=-0.347728;SCBZ=0;MQ0F=0;AC=2;AN=2;DP4=1,0,36,0;MQ=20	GT:PL	1/1:78,85,0
chr8	.	miRNA_primary_transcript	134804876	134804945	.	-	.	ID=MI0000255;Alias=MI0000255;Name=hsa-mir-30d	chr8	134804916	.	C	A	138.425	PASS	DP=2553;VDB=0;SGB=-0.693147;RPBZ=-3.33712;MQBZ=0;BQBZ=0.421583;SCBZ=0;MQ0F=0;AC=2;AN=2;DP4=0,6,0,2547;MQ=20	GT:PL	1/1:165,255,0
chr8	.	miRNA_primary_transcript	140732564	140732653	.	-	.	ID=MI0000809;Alias=MI0000809;Name=hsa-mir-151a	chr8	140732585	.	G	A	71.2619	PASS	DP=4449;VDB=0;SGB=-0.693147;RPBZ=-6.79754;MQBZ=0;BQBZ=4.29784;SCBZ=0;MQ0F=0;AC=2;AN=2;DP4=0,119,0,4330;MQ=20	GT:PL	1/1:98,255,0
chr8	.	miRNA_primary_transcript	140732564	140732653	.	-	.	ID=MI0000809;Alias=MI0000809;Name=hsa-mir-151a	chr8	140732620	.	C	A	60.8427	PASS	DP=257;VDB=0;SGB=-0.693147;RPBZ=-7.95093;MQBZ=0;BQBZ=2.65004;SCBZ=0;MQ0F=0;AC=2;AN=2;DP4=0,30,0,227;MQ=20	GT:PL	1/1:88,255,0
chr9	.	miRNA_primary_transcript	4850297	4850375	.	+	.	ID=MI0000739;Alias=MI0000739;Name=hsa-mir-101-2	chr9	4850367	.	A	T	18.3363	PASS	DP=219;VDB=0;SGB=-0.693147;RPBZ=-2.66431;MQBZ=0;BQBZ=2.61171;SCBZ=0;MQ0F=0;AC=1;AN=2;DP4=88,0,131,0;MQ=20	GT:PL	0/1:51,0,27
chr9	.	miRNA_primary_transcript	35710676	35710741	.	-	.	ID=MI0022698;Alias=MI0022698;Name=hsa-mir-6852	chr9	35710715	.	G	A	26.4107	PASS	DP=490;VDB=0;SGB=-0.693147;RPBZ=-11.7063;MQBZ=0;BQBZ=6.70862;SCBZ=0;MQ0F=0;AC=1;AN=2;DP4=0,226,0,264;MQ=20	GT:PL	0/1:59,0,49
chr9	.	miRNA_primary_transcript	94175957	94176036	.	+	.	ID=MI0000060;Alias=MI0000060;Name=hsa-let-7a-1	chr9	94175961	.	A	C	58.2909	PASS	DP=91;VDB=1.4013e-45;SGB=-0.693147;RPBZ=-2.17329;MQBZ=0;BQBZ=1.56362;SCBZ=0;MQ0F=0;AC=2;AN=2;DP4=3,0,88,0;MQ=20	GT:PL	1/1:85,216,0
chr9	.	miRNA_primary_transcript	94175957	94176036	.	+	.	ID=MI0000060;Alias=MI0000060;Name=hsa-let-7a-1	chr9	94175986	.	A	T	17.4822	PASS	DP=12;VDB=0.000411984;SGB=-0.616816;RPBZ=1;MQBZ=0;BQBZ=-1.64024;SCBZ=0;MQ0F=0;AC=1;AN=2;DP4=6,0,6,0;MQ=20	GT:PL	0/1:50,0,50
chr9	.	miRNA_primary_transcript	94176347	94176433	.	+	.	ID=MI0000067;Alias=MI0000067;Name=hsa-let-7f-1	chr9	94176352	.	G	C	82.3923	PASS	DP=132;VDB=0;SGB=-0.693147;RPBZ=-11.4455;MQBZ=0;BQBZ=0.331573;SCBZ=0;MQ0F=0;AC=2;AN=2;DP4=1,0,131,0;MQ=20	GT:PL	1/1:109,255,0
chr9	.	miRNA_primary_transcript	94176347	94176433	.	+	.	ID=MI0000067;Alias=MI0000067;Name=hsa-let-7f-1	chr9	94176375	.	G	A	92.1307	PASS	DP=2910;VDB=0;SGB=-0.693147;RPBZ=1.82307;MQBZ=0;BQBZ=-3.00703;SCBZ=0;MQ0F=0;AC=2;AN=2;DP4=195,0,2715,0;MQ=20	GT:PL	1/1:119,255,0
chr9	.	miRNA_primary_transcript	94178834	94178920	.	+	.	ID=MI0000065;Alias=MI0000065;Name=hsa-let-7d	chr9	94178840	.	A	C	15.2656	PASS	DP=32;VDB=2.78366e-08;SGB=-0.680642;RPBZ=-0.73131;MQBZ=0;BQBZ=-0.910908;SCBZ=0;MQ0F=0;AC=1;AN=2;DP4=20,0,12,0;MQ=20	GT:PL	0/1:48,0,61
chr9	.	miRNA_primary_transcript	94178834	94178920	.	+	.	ID=MI0000065;Alias=MI0000065;Name=hsa-let-7d	chr9	94178865	.	A	T	24.4767	PASS	DP=10;VDB=2.75158e-05;SGB=-0.651104;RPBZ=1.30437;MQBZ=0;BQBZ=-0.139754;SCBZ=0;MQ0F=0;AC=1;AN=2;DP4=2,0,8,0;MQ=20	GT:PL	0/1:57,0,10
chr9	.	miRNA_primary_transcript	94178834	94178920	.	+	.	ID=MI0000065;Alias=MI0000065;Name=hsa-let-7d	chr9	94178918	.	A	T	21.2623	PASS	DP=10;VDB=0.000481013;SGB=-0.616816;RPBZ=1.18585;MQBZ=0;BQBZ=1.36931;SCBZ=0;MQ0F=0;AC=1;AN=2;DP4=4,0,6,0;MQ=20	GT:PL	0/1:54,0,36
chr9	.	miRNA_primary_transcript	95085445	95085541	.	+	.	ID=MI0000440;Alias=MI0000440;Name=hsa-mir-27b	chr9	95085526	.	A	T	49.4158	PASS	DP=5489;VDB=0;SGB=-0.693147;RPBZ=15.1853;MQBZ=0;BQBZ=14.6978;SCBZ=0;MQ0F=0;AC=2;AN=2;DP4=1296,0,4193,0;MQ=20	GT:PL	1/1:77,120,0
chr9	.	miRNA_primary_transcript	95085445	95085541	.	+	.	ID=MI0000440;Alias=MI0000440;Name=hsa-mir-27b	chr9	95085527	.	C	T	32.3196	PASS	DP=368;VDB=0;SGB=-0.693147;RPBZ=3.88102;MQBZ=0;BQBZ=1.21936;SCBZ=0;MQ0F=0;AC=2;AN=2;DP4=17,0,351,0;MQ=20	GT:PL	1/1:79,255,20
chr9	.	miRNA_primary_transcript	124692442	124692551	.	+	.	ID=MI0000269;Alias=MI0000269;Name=hsa-mir-181a-2	chr9	124692505	.	G	T	123.361	PASS	DP=237;VDB=0;SGB=-0.693147;RPBZ=7.63217;MQBZ=0;BQBZ=-0.019279;SCBZ=0;MQ0F=0;AC=2;AN=2;DP4=4,0,233,0;MQ=20	GT:PL	1/1:150,255,0
chr9	.	miRNA_primary_transcript	128244721	128244830	.	-	.	ID=MI0000282;Alias=MI0000282;Name=hsa-mir-199b	chr9	128244744	.	C	A,T	72.7943	PASS	DP=1299;VDB=0;SGB=-0.693147;RPBZ=-1.83738;MQBZ=0;BQBZ=1.1054;SCBZ=0;MQ0F=0;AC=1,1;AN=2;DP4=0,7,0,1292;MQ=20	GT:PL	1/2:132,255,56,255,0,62
chr9	.	miRNA_primary_transcript	128244721	128244830	.	-	.	ID=MI0000282;Alias=MI0000282;Name=hsa-mir-199b	chr9	128244782	.	T	A	27.854	PASS	DP=27;VDB=1.30483e-15;SGB=-0.692717;RPBZ=0;MQBZ=0;BQBZ=-1.00832;SCBZ=0;MQ0F=0;AC=2;AN=2;DP4=0,4,0,23;MQ=20	GT:PL	1/1:55,10,0
chr9	.	miRNA_primary_transcript	136670602	136670686	.	+	.	ID=MI0000471;Alias=MI0000471;Name=hsa-mir-126	chr9	136670637	.	C	T,A	27.2292	PASS	DP=2049;VDB=0;SGB=-0.693147;RPBZ=10.2462;MQBZ=0;BQBZ=1.37849;SCBZ=0;MQ0F=0;AC=1,1;AN=2;DP4=206,0,1843,0;MQ=20	GT:PL	1/2:86,168,39,135,0,53
chr9	.	miRNA_primary_transcript	136670602	136670686	.	+	.	ID=MI0000471;Alias=MI0000471;Name=hsa-mir-126	chr9	136670639	.	G	T	21.8003	PASS	DP=12;VDB=6.61498e-06;SGB=-0.662043;RPBZ=1.56347;MQBZ=0;BQBZ=0.121716;SCBZ=0;MQ0F=0;AC=1;AN=2;DP4=3,0,9,0;MQ=20	GT:PL	0/1:55,0,21
chr9	.	miRNA_primary_transcript	136670602	136670686	.	+	.	ID=MI0000471;Alias=MI0000471;Name=hsa-mir-126	chr9	136670675	.	C	T	108.391	PASS	DP=1304;VDB=0;SGB=-0.693147;RPBZ=-0.527044;MQBZ=0;BQBZ=2.17093;SCBZ=0;MQ0F=0;AC=2;AN=2;DP4=11,0,1293,0;MQ=20	GT:PL	1/1:135,255,0
chrX	.	miRNA_primary_transcript	45746157	45746266	.	-	.	ID=MI0000298;Alias=MI0000298;Name=hsa-mir-221	chrX	45746178	.	C	A	50.3049	PASS	DP=38;VDB=3.75937e-20;SGB=-0.693141;RPBZ=0;MQBZ=0;BQBZ=-0.551553;SCBZ=0;MQ0F=0;AC=2;AN=2;DP4=0,1,0,37;MQ=20	GT:PL	1/1:77,85,0
chrX	.	miRNA_primary_transcript	45746157	45746266	.	-	.	ID=MI0000298;Alias=MI0000298;Name=hsa-mir-221	chrX	45746179	.	T	A	125.322	PASS	DP=3596;VDB=0;SGB=-0.693147;RPBZ=-6.84853;MQBZ=0;BQBZ=-0.416976;SCBZ=0;MQ0F=0;AC=2;AN=2;DP4=0,94,0,3502;MQ=20	GT:PL	1/1:152,255,0
chrX	.	miRNA_primary_transcript	45747015	45747124	.	-	.	ID=MI0000299;Alias=MI0000299;Name=hsa-mir-222	chrX	45747031	.	C	A	92.4129	PASS	DP=283;VDB=0;SGB=-0.693147;RPBZ=0.416627;MQBZ=0;BQBZ=2.0103;SCBZ=0;MQ0F=0;AC=2;AN=2;DP4=0,1,0,282;MQ=20	GT:PL	1/1:119,255,0
chrX	.	miRNA_primary_transcript	50003148	50003238	.	+	.	ID=MI0003205;Alias=MI0003205;Name=hsa-mir-532	chrX	50003189	.	T	A	17.456	PASS	DP=63;VDB=3.84674e-18;SGB=-0.693097;RPBZ=3.25669;MQBZ=0;BQBZ=-0.143059;SCBZ=0;MQ0F=0;AC=1;AN=2;DP4=33,0,30,0;MQ=20	GT:PL	0/1:50,0,53
chrX	.	miRNA_primary_transcript	50008431	50008514	.	+	.	ID=MI0003184;Alias=MI0003184;Name=hsa-mir-500a	chrX	50008505	.	G	T	25.5733	PASS	DP=53;VDB=1.54756e-26;SGB=-0.693147;RPBZ=3.95326;MQBZ=0;BQBZ=-0.300449;SCBZ=0;MQ0F=0;AC=2;AN=2;DP4=4,0,49,0;MQ=20	GT:PL	1/1:82,76,32
chrX	.	miRNA_primary_transcript	50009722	50009805	.	+	.	ID=MI0003185;Alias=MI0003185;Name=hsa-mir-501	chrX	50009795	.	A	T	43.9759	PASS	DP=19;VDB=1.63455e-11;SGB=-0.690438;RPBZ=0;MQBZ=0;BQBZ=-1.0833;SCBZ=0;MQ0F=0;AC=2;AN=2;DP4=2,0,17,0;MQ=20	GT:PL	1/1:71,18,0
chrX	.	miRNA_primary_transcript	53556223	53556341	.	-	.	ID=MI0000100;Alias=MI0000100;Name=hsa-mir-98	chrX	53556241	.	G	A	128.358	PASS	DP=242;VDB=0;SGB=-0.693147;RPBZ=-11.661;MQBZ=0;BQBZ=1.03195;SCBZ=0;MQ0F=0;AC=2;AN=2;DP4=0,4,0,238;MQ=20	GT:PL	1/1:155,255,0
chrX	.	miRNA_primary_transcript	53556223	53556341	.	-	.	ID=MI0000100;Alias=MI0000100;Name=hsa-mir-98	chrX	53556298	.	C	A	71.3546	PASS	DP=420;VDB=0;SGB=-0.693147;RPBZ=0.313087;MQBZ=0;BQBZ=0.173205;SCBZ=0;MQ0F=0;AC=2;AN=2;DP4=0,5,0,415;MQ=20	GT:PL	1/1:98,255,0
chrX	.	miRNA_primary_transcript	53556223	53556341	.	-	.	ID=MI0000100;Alias=MI0000100;Name=hsa-mir-98	chrX	53556241	.	G	A	128.358	PASS	DP=242;VDB=0;SGB=-0.693147;RPBZ=-11.661;MQBZ=0;BQBZ=1.03195;SCBZ=0;MQ0F=0;AC=2;AN=2;DP4=0,4,0,238;MQ=20	GT:PL	1/1:155,255,0
chrX	.	miRNA	53556241	53556262	.	-	.	ID=MIMAT0022842;Alias=MIMAT0022842;Name=hsa-miR-98-3p;Derives_from=MI0000100	chrX	53556241	.	G	A	128.358	PASS	DP=242;VDB=0;SGB=-0.693147;RPBZ=-11.661;MQBZ=0;BQBZ=1.03195;SCBZ=0;MQ0F=0;AC=2;AN=2;DP4=0,4,0,238;MQ=20	GT:PL	1/1:155,255,0
chrX	.	miRNA	53556241	53556262	.	-	.	ID=MIMAT0022842;Alias=MIMAT0022842;Name=hsa-miR-98-3p;Derives_from=MI0000100	chrX	53556241	.	G	A	128.358	PASS	DP=242;VDB=0;SGB=-0.693147;RPBZ=-11.661;MQBZ=0;BQBZ=1.03195;SCBZ=0;MQ0F=0;AC=2;AN=2;DP4=0,4,0,238;MQ=20	GT:PL	1/1:155,255,0
chrX	.	miRNA_primary_transcript	53557192	53557274	.	-	.	ID=MI0000068;Alias=MI0000068;Name=hsa-let-7f-2	chrX	53557196	.	G	A	58.362	PASS	DP=69;VDB=0;SGB=-0.693147;RPBZ=0;MQBZ=0;BQBZ=-0.172774;SCBZ=0;MQ0F=0;AC=2;AN=2;DP4=0,1,0,68;MQ=20	GT:PL	1/1:85,186,0
chrX	.	miRNA_primary_transcript	53557192	53557274	.	-	.	ID=MI0000068;Alias=MI0000068;Name=hsa-let-7f-2	chrX	53557196	.	G	A	58.362	PASS	DP=69;VDB=0;SGB=-0.693147;RPBZ=0;MQBZ=0;BQBZ=-0.172774;SCBZ=0;MQ0F=0;AC=2;AN=2;DP4=0,1,0,68;MQ=20	GT:PL	1/1:85,186,0
chrX	.	miRNA	53557196	53557217	.	-	.	ID=MIMAT0004487;Alias=MIMAT0004487;Name=hsa-let-7f-2-3p;Derives_from=MI0000068	chrX	53557196	.	G	A	58.362	PASS	DP=69;VDB=0;SGB=-0.693147;RPBZ=0;MQBZ=0;BQBZ=-0.172774;SCBZ=0;MQ0F=0;AC=2;AN=2;DP4=0,1,0,68;MQ=20	GT:PL	1/1:85,186,0
chrX	.	miRNA	53557196	53557217	.	-	.	ID=MIMAT0004487;Alias=MIMAT0004487;Name=hsa-let-7f-2-3p;Derives_from=MI0000068	chrX	53557196	.	G	A	58.362	PASS	DP=69;VDB=0;SGB=-0.693147;RPBZ=0;MQBZ=0;BQBZ=-0.172774;SCBZ=0;MQ0F=0;AC=2;AN=2;DP4=0,1,0,68;MQ=20	GT:PL	1/1:85,186,0
chrX	.	miRNA_primary_transcript	110055329	110055426	.	+	.	ID=MI0003667;Alias=MI0003667;Name=hsa-mir-652	chrX	110055410	.	C	T	24.1036	PASS	DP=446;VDB=0;SGB=-0.693147;RPBZ=-0.229924;MQBZ=0;BQBZ=2.25382;SCBZ=0;MQ0F=0;AC=2;AN=2;DP4=116,0,330,0;MQ=20	GT:PL	1/1:52,69,0
chrX	.	miRNA_primary_transcript	134169538	134169612	.	-	.	ID=MI0000094;Alias=MI0000094;Name=hsa-mir-92a-2	chrX	134169543	.	C	T	126.353	PASS	DP=17465;VDB=0;SGB=-0.693147;RPBZ=-17.2055;MQBZ=0;BQBZ=-4.15629;SCBZ=0;MQ0F=0;AC=2;AN=2;DP4=0,323,0,17142;MQ=20	GT:PL	1/1:153,255,0
